cell_id,lat,lon,x_utm,y_utm,lattice_center_x,lattice_center_y,ward,ward_name,rain_pixel_id,area_km2
0,12.83647,77.583671,780445.34,1420457.2,780250.0,1420250.0,192,Begur,1,0.010522
1,12.83562,77.586592,780763.55,1420366.26,780750.0,1420250.0,192,Begur,1,0.128902
2,12.83607,77.59027,781162.52,1420420.12,781250.0,1420250.0,192,Begur,1,0.051096
3,12.841331,77.560817,777957.77,1420970.4,777750.0,1420750.0,196,Anjanapura,1,0.005624
4,12.840795,77.563567,778257.09,1420914.04,778250.0,1420750.0,196,Anjanapura,1,0.083337
5,12.840891,77.568156,778755.38,1420929.62,778750.0,1420750.0,196,Anjanapura,1,0.070262
6,12.840495,77.572906,779271.66,1420890.98,779250.0,1420750.0,196,Anjanapura,1,0.106616
7,12.839968,77.577429,779763.53,1420837.61,779750.0,1420750.0,194,Gottigere,1,0.16098
8,12.83935,77.58204,780265.06,1420774.2,780250.0,1420750.0,194,Gottigere,1,0.223227
9,12.839088,77.586503,780750.0,1420750.0,780750.0,1420750.0,192,Begur,1,0.25
10,12.839127,77.590449,781178.63,1420758.65,781250.0,1420750.0,192,Begur,1,0.177982
11,12.845814,77.556342,777466.86,1421461.82,777250.0,1421250.0,196,Anjanapura,1,0.005691
12,12.843949,77.559075,777765.7,1421258.3,777750.0,1421250.0,196,Anjanapura,1,0.231869
13,12.84383,77.563533,778250.0,1421250.0,778250.0,1421250.0,196,Anjanapura,1,0.25
14,12.843785,77.568136,778750.0,1421250.0,778750.0,1421250.0,196,Anjanapura,1,0.25
15,12.84374,77.572739,779250.0,1421250.0,779250.0,1421250.0,196,Anjanapura,1,0.25
16,12.843695,77.577342,779750.0,1421250.0,779750.0,1421250.0,194,Gottigere,1,0.25
17,12.84365,77.581946,780250.0,1421250.0,780250.0,1421250.0,194,Gottigere,1,0.25
18,12.843604,77.586549,780750.0,1421250.0,780750.0,1421250.0,192,Begur,1,0.25
19,12.843629,77.590875,781219.87,1421257.45,781250.0,1421250.0,192,Begur,1,0.219272
20,12.849652,77.546467,776390.16,1421876.05,776250.0,1421750.0,196,Anjanapura,0,0.052625
21,12.849886,77.549671,776737.89,1421905.3,776750.0,1421750.0,196,Anjanapura,0,0.093902
22,12.848985,77.554855,777301.86,1421811.16,777250.0,1421750.0,196,Anjanapura,1,0.166477
23,12.848392,77.558975,777750.0,1421750.0,777750.0,1421750.0,196,Anjanapura,1,0.25
24,12.848347,77.563578,778250.0,1421750.0,778250.0,1421750.0,196,Anjanapura,1,0.25
25,12.848302,77.568182,778750.0,1421750.0,778750.0,1421750.0,196,Anjanapura,1,0.25
26,12.848257,77.572785,779250.0,1421750.0,779250.0,1421750.0,196,Anjanapura,1,0.25
27,12.848212,77.577388,779750.0,1421750.0,779750.0,1421750.0,196,Anjanapura,1,0.25
28,12.848167,77.581992,780250.0,1421750.0,780250.0,1421750.0,194,Gottigere,1,0.25
29,12.848121,77.586595,780750.0,1421750.0,780750.0,1421750.0,194,Gottigere,1,0.25
30,12.848096,77.591171,781247.02,1421752.17,781250.0,1421750.0,192,Begur,1,0.246947
31,12.849641,77.59545,781710.02,1421927.94,781750.0,1421750.0,192,Begur,1,0.064201
32,12.849673,77.600456,782253.71,1421936.95,782250.0,1421750.0,192,Begur,2,0.06283
33,12.849513,77.605062,782754.08,1421924.31,782750.0,1421750.0,192,Begur,2,0.075342
34,12.84914,77.610022,783293.2,1421888.39,783250.0,1421750.0,192,Begur,2,0.100261
35,12.849229,77.612301,783540.67,1421900.75,783750.0,1421750.0,192,Begur,2,0.018156
36,12.85272,77.546556,776396.51,1422215.62,776250.0,1422250.0,196,Anjanapura,4,0.097491
37,12.852999,77.549814,776750.0,1422250.0,776750.0,1422250.0,196,Anjanapura,4,0.25
38,12.852954,77.554417,777250.0,1422250.0,777250.0,1422250.0,196,Anjanapura,5,0.25
39,12.852909,77.559021,777750.0,1422250.0,777750.0,1422250.0,196,Anjanapura,5,0.25
40,12.852864,77.563624,778250.0,1422250.0,778250.0,1422250.0,196,Anjanapura,5,0.25
41,12.852819,77.568228,778750.0,1422250.0,778750.0,1422250.0,196,Anjanapura,5,0.25
42,12.852774,77.572831,779250.0,1422250.0,779250.0,1422250.0,196,Anjanapura,5,0.25
43,12.852729,77.577435,779750.0,1422250.0,779750.0,1422250.0,196,Anjanapura,5,0.25
44,12.852683,77.582038,780250.0,1422250.0,780250.0,1422250.0,194,Gottigere,5,0.25
45,12.852638,77.586641,780750.0,1422250.0,780750.0,1422250.0,194,Gottigere,5,0.25
46,12.852593,77.591245,781250.0,1422250.0,781250.0,1422250.0,194,Gottigere,5,0.25
47,12.852547,77.595848,781750.0,1422250.0,781750.0,1422250.0,192,Begur,5,0.25
48,12.852501,77.600451,782250.0,1422250.0,782250.0,1422250.0,192,Begur,6,0.25
49,12.852456,77.605055,782750.0,1422250.0,782750.0,1422250.0,192,Begur,6,0.25
50,12.85241,77.609658,783250.0,1422250.0,783250.0,1422250.0,192,Begur,6,0.25
51,12.852532,77.612737,783584.25,1422266.91,783750.0,1422250.0,192,Begur,6,0.082852
52,12.853115,77.643498,786924.55,1422365.56,786750.0,1422250.0,192,Begur,6,0.041092
53,12.853748,77.646422,787241.41,1422438.91,787250.0,1422250.0,192,Begur,6,0.047869
54,12.853822,77.650552,787689.82,1422451.68,787750.0,1422250.0,192,Begur,7,0.015801
55,12.858587,77.528769,774458.41,1422846.04,774250.0,1422750.0,198,Hemmigepura,4,0.017977
56,12.858717,77.530011,774593.19,1422861.76,774750.0,1422750.0,198,Hemmigepura,4,0.051924
57,12.857928,77.546673,776403.52,1422792.23,776250.0,1422750.0,196,Anjanapura,4,0.088222
58,12.857515,77.549859,776750.0,1422750.0,776750.0,1422750.0,196,Anjanapura,4,0.25
59,12.857471,77.554463,777250.0,1422750.0,777250.0,1422750.0,196,Anjanapura,5,0.25
60,12.857426,77.559067,777750.0,1422750.0,777750.0,1422750.0,196,Anjanapura,5,0.25
61,12.857381,77.56367,778250.0,1422750.0,778250.0,1422750.0,196,Anjanapura,5,0.25
62,12.857336,77.568274,778750.0,1422750.0,778750.0,1422750.0,196,Anjanapura,5,0.25
63,12.857291,77.572877,779250.0,1422750.0,779250.0,1422750.0,196,Anjanapura,5,0.25
64,12.857245,77.577481,779750.0,1422750.0,779750.0,1422750.0,196,Anjanapura,5,0.25
65,12.8572,77.582084,780250.0,1422750.0,780250.0,1422750.0,194,Gottigere,5,0.25
66,12.857155,77.586688,780750.0,1422750.0,780750.0,1422750.0,194,Gottigere,5,0.25
67,12.857109,77.591291,781250.0,1422750.0,781250.0,1422750.0,194,Gottigere,5,0.25
68,12.857064,77.595894,781750.0,1422750.0,781750.0,1422750.0,192,Begur,5,0.25
69,12.857018,77.600498,782250.0,1422750.0,782250.0,1422750.0,192,Begur,6,0.25
70,12.856972,77.605101,782750.0,1422750.0,782750.0,1422750.0,192,Begur,6,0.25
71,12.856927,77.609705,783250.0,1422750.0,783250.0,1422750.0,192,Begur,6,0.25
72,12.857173,77.614097,783726.8,1422782.12,783750.0,1422750.0,192,Begur,6,0.212061
73,12.858209,77.617194,784061.9,1422900.16,784250.0,1422750.0,192,Begur,6,0.02243
74,12.858949,77.624176,784819.43,1422989.86,784750.0,1422750.0,192,Begur,6,0.008143
75,12.858734,77.627526,785183.42,1422969.72,785250.0,1422750.0,192,Begur,6,0.019882
76,12.856696,77.643336,786902.83,1422761.75,786750.0,1422750.0,192,Begur,6,0.096533
77,12.856558,77.646531,787250.0,1422750.0,787250.0,1422750.0,192,Begur,6,0.25
78,12.856849,77.650818,787715.3,1422787.1,787750.0,1422750.0,192,Begur,7,0.199054
79,12.85781,77.655485,788221.08,1422898.67,788250.0,1422750.0,192,Begur,7,0.097395
80,12.858346,77.658495,788547.37,1422961.33,788750.0,1422750.0,192,Begur,7,0.008241
81,12.862332,77.527837,774353.16,1423259.54,774250.0,1423250.0,198,Hemmigepura,4,0.141182
82,12.862294,77.531456,774746.17,1423259.15,774750.0,1423250.0,198,Hemmigepura,4,0.239241
83,12.86326,77.534684,775095.64,1423369.51,775250.0,1423250.0,198,Hemmigepura,4,0.053486
84,12.861204,77.546837,776417.71,1423154.99,776250.0,1423250.0,196,Anjanapura,4,0.05607
85,12.861977,77.549961,776756.1,1423243.9,776750.0,1423250.0,196,Anjanapura,4,0.242947
86,12.861987,77.554509,777250.0,1423250.0,777250.0,1423250.0,196,Anjanapura,5,0.25
87,12.861943,77.559112,777750.0,1423250.0,777750.0,1423250.0,196,Anjanapura,5,0.25
88,12.861898,77.563716,778250.0,1423250.0,778250.0,1423250.0,196,Anjanapura,5,0.25
89,12.861853,77.56832,778750.0,1423250.0,778750.0,1423250.0,196,Anjanapura,5,0.25
90,12.861807,77.572923,779250.0,1423250.0,779250.0,1423250.0,194,Gottigere,5,0.25
91,12.861762,77.577527,779750.0,1423250.0,779750.0,1423250.0,194,Gottigere,5,0.25
92,12.861717,77.58213,780250.0,1423250.0,780250.0,1423250.0,194,Gottigere,5,0.25
93,12.861672,77.586734,780750.0,1423250.0,780750.0,1423250.0,194,Gottigere,5,0.25
94,12.861626,77.591337,781250.0,1423250.0,781250.0,1423250.0,194,Gottigere,5,0.25
95,12.861581,77.595941,781750.0,1423250.0,781750.0,1423250.0,192,Begur,5,0.25
96,12.861535,77.600544,782250.0,1423250.0,782250.0,1423250.0,192,Begur,6,0.25
97,12.861489,77.605148,782750.0,1423250.0,782750.0,1423250.0,192,Begur,6,0.25
98,12.861443,77.609751,783250.0,1423250.0,783250.0,1423250.0,192,Begur,6,0.25
99,12.861398,77.614355,783750.0,1423250.0,783750.0,1423250.0,192,Begur,6,0.25
100,12.861352,77.618958,784250.0,1423250.0,784250.0,1423250.0,192,Begur,6,0.25
101,12.861306,77.623561,784750.0,1423250.0,784750.0,1423250.0,192,Begur,6,0.25
102,12.861363,77.628052,785237.58,1423261.38,785250.0,1423250.0,192,Begur,6,0.235443
103,12.862638,77.632419,785710.47,1423407.3,785750.0,1423250.0,192,Begur,6,0.085209
104,12.86332,77.635241,786016.12,1423485.9,786250.0,1423250.0,192,Begur,6,0.001022
105,12.861161,77.643159,786878.58,1423255.74,786750.0,1423250.0,192,Begur,6,0.1212
106,12.861074,77.646578,787250.0,1423250.0,787250.0,1423250.0,192,Begur,6,0.25
107,12.861028,77.651181,787750.0,1423250.0,787750.0,1423250.0,192,Begur,7,0.25
108,12.860981,77.655785,788250.0,1423250.0,788250.0,1423250.0,192,Begur,7,0.25
109,12.861275,77.660117,788720.15,1423287.36,788750.0,1423250.0,192,Begur,7,0.203441
110,12.862489,77.6633,789064.5,1423425.37,789250.0,1423250.0,192,Begur,7,0.021637
111,12.865266,77.528625,774435.53,1423585.1,774250.0,1423750.0,198,Hemmigepura,4,0.022943
112,12.866719,77.53158,774754.84,1423749.05,774750.0,1423750.0,198,Hemmigepura,4,0.244677
113,12.866851,77.535911,775224.99,1423768.3,775250.0,1423750.0,198,Hemmigepura,4,0.22022
114,12.868188,77.538865,775544.36,1423919.48,775750.0,1423750.0,198,Hemmigepura,4,0.015075
115,12.867939,77.545746,776291.81,1423899.33,776250.0,1423750.0,198,Hemmigepura,4,0.088788
116,12.866639,77.55013,776769.32,1423760.15,776750.0,1423750.0,196,Anjanapura,5,0.228917
117,12.866504,77.554555,777250.0,1423750.0,777250.0,1423750.0,196,Anjanapura,5,0.25
118,12.866459,77.559158,777750.0,1423750.0,777750.0,1423750.0,196,Anjanapura,5,0.25
119,12.866414,77.563762,778250.0,1423750.0,778250.0,1423750.0,196,Anjanapura,5,0.25
120,12.866369,77.568366,778750.0,1423750.0,778750.0,1423750.0,196,Anjanapura,5,0.25
121,12.866324,77.572969,779250.0,1423750.0,779250.0,1423750.0,194,Gottigere,5,0.25
122,12.866279,77.577573,779750.0,1423750.0,779750.0,1423750.0,194,Gottigere,5,0.25
123,12.866234,77.582177,780250.0,1423750.0,780250.0,1423750.0,194,Gottigere,5,0.25
124,12.866188,77.58678,780750.0,1423750.0,780750.0,1423750.0,194,Gottigere,5,0.25
125,12.866143,77.591384,781250.0,1423750.0,781250.0,1423750.0,192,Begur,5,0.25
126,12.866097,77.595987,781750.0,1423750.0,781750.0,1423750.0,192,Begur,5,0.25
127,12.866052,77.600591,782250.0,1423750.0,782250.0,1423750.0,192,Begur,6,0.25
128,12.866006,77.605194,782750.0,1423750.0,782750.0,1423750.0,192,Begur,6,0.25
129,12.86596,77.609798,783250.0,1423750.0,783250.0,1423750.0,192,Begur,6,0.25
130,12.865914,77.614401,783750.0,1423750.0,783750.0,1423750.0,192,Begur,6,0.25
131,12.865868,77.619005,784250.0,1423750.0,784250.0,1423750.0,192,Begur,6,0.25
132,12.865822,77.623608,784750.0,1423750.0,784750.0,1423750.0,192,Begur,6,0.25
133,12.865776,77.628212,785250.0,1423750.0,785250.0,1423750.0,192,Begur,6,0.25
134,12.86573,77.632815,785750.0,1423750.0,785750.0,1423750.0,192,Begur,6,0.25
135,12.865894,77.637249,786231.32,1423773.05,786250.0,1423750.0,192,Begur,6,0.221053
136,12.865999,77.642469,786798.08,1423790.5,786750.0,1423750.0,192,Begur,6,0.184411
137,12.865591,77.646626,787250.0,1423750.0,787250.0,1423750.0,192,Begur,6,0.25
138,12.865544,77.651229,787750.0,1423750.0,787750.0,1423750.0,192,Begur,7,0.25
139,12.865498,77.655832,788250.0,1423750.0,788250.0,1423750.0,192,Begur,7,0.25
140,12.865451,77.660436,788750.0,1423750.0,788750.0,1423750.0,192,Begur,7,0.25
141,12.865792,77.66455,789196.47,1423792.33,789250.0,1423750.0,192,Begur,7,0.180372
142,12.867138,77.668561,789630.5,1423945.92,789750.0,1423750.0,191,Singasandra,7,0.031628
143,12.873056,77.482967,769468.96,1424398.95,769250.0,1424250.0,198,Hemmigepura,3,0.010335
144,12.872934,77.485598,769754.87,1424388.2,769750.0,1424250.0,198,Hemmigepura,3,0.111291
145,12.873184,77.490126,770246.22,1424420.65,770250.0,1424250.0,198,Hemmigepura,3,0.077515
146,12.873449,77.493584,770621.5,1424453.61,770750.0,1424250.0,198,Hemmigepura,3,0.024298
147,12.873693,77.510878,772499.14,1424498.9,772250.0,1424250.0,198,Hemmigepura,4,4e-06
148,12.872298,77.513658,772802.58,1424347.52,772750.0,1424250.0,198,Hemmigepura,4,0.128564
149,12.872732,77.517231,773190.1,1424399.35,773250.0,1424250.0,198,Hemmigepura,4,0.085862
150,12.873466,77.520393,773532.63,1424483.89,773750.0,1424250.0,198,Hemmigepura,4,0.002365
151,12.872545,77.528119,774372.64,1424390.21,774250.0,1424250.0,198,Hemmigepura,4,0.061567
152,12.871245,77.531581,774750.0,1424250.0,774750.0,1424250.0,198,Hemmigepura,4,0.25
153,12.8712,77.536185,775250.0,1424250.0,775250.0,1424250.0,198,Hemmigepura,4,0.25
154,12.871221,77.54077,775747.94,1424257.24,775750.0,1424250.0,198,Hemmigepura,4,0.242458
155,12.871116,77.545397,776250.51,1424250.55,776250.0,1424250.0,198,Hemmigepura,4,0.24944
156,12.871066,77.549996,776750.0,1424250.0,776750.0,1424250.0,196,Anjanapura,4,0.25
157,12.871021,77.5546,777250.0,1424250.0,777250.0,1424250.0,196,Anjanapura,5,0.25
158,12.870976,77.559204,777750.0,1424250.0,777750.0,1424250.0,196,Anjanapura,5,0.25
159,12.870931,77.563808,778250.0,1424250.0,778250.0,1424250.0,196,Anjanapura,5,0.25
160,12.870886,77.568412,778750.0,1424250.0,778750.0,1424250.0,196,Anjanapura,5,0.25
161,12.870841,77.573015,779250.0,1424250.0,779250.0,1424250.0,194,Gottigere,5,0.25
162,12.870796,77.577619,779750.0,1424250.0,779750.0,1424250.0,194,Gottigere,5,0.25
163,12.87075,77.582223,780250.0,1424250.0,780250.0,1424250.0,194,Gottigere,5,0.25
164,12.870705,77.586827,780750.0,1424250.0,780750.0,1424250.0,194,Gottigere,5,0.25
165,12.87066,77.59143,781250.0,1424250.0,781250.0,1424250.0,192,Begur,5,0.25
166,12.870614,77.596034,781750.0,1424250.0,781750.0,1424250.0,192,Begur,5,0.25
167,12.870568,77.600637,782250.0,1424250.0,782250.0,1424250.0,193,Arakere,6,0.25
168,12.870523,77.605241,782750.0,1424250.0,782750.0,1424250.0,193,Arakere,6,0.25
169,12.870477,77.609845,783250.0,1424250.0,783250.0,1424250.0,193,Arakere,6,0.25
170,12.870431,77.614448,783750.0,1424250.0,783750.0,1424250.0,193,Arakere,6,0.25
171,12.870385,77.619052,784250.0,1424250.0,784250.0,1424250.0,192,Begur,6,0.25
172,12.870339,77.623655,784750.0,1424250.0,784750.0,1424250.0,192,Begur,6,0.25
173,12.870293,77.628259,785250.0,1424250.0,785250.0,1424250.0,192,Begur,6,0.25
174,12.870246,77.632862,785750.0,1424250.0,785750.0,1424250.0,192,Begur,6,0.25
175,12.8702,77.637466,786250.0,1424250.0,786250.0,1424250.0,192,Begur,6,0.25
176,12.870154,77.642069,786750.0,1424250.0,786750.0,1424250.0,191,Singasandra,6,0.25
177,12.870107,77.646673,787250.0,1424250.0,787250.0,1424250.0,192,Begur,6,0.25
178,12.870061,77.651276,787750.0,1424250.0,787750.0,1424250.0,192,Begur,7,0.25
179,12.870014,77.65588,788250.0,1424250.0,788250.0,1424250.0,191,Singasandra,7,0.25
180,12.869967,77.660483,788750.0,1424250.0,788750.0,1424250.0,192,Begur,7,0.25
181,12.869921,77.665087,789250.0,1424250.0,789250.0,1424250.0,191,Singasandra,7,0.25
182,12.869908,77.66966,789746.67,1424253.75,789750.0,1424250.0,191,Singasandra,7,0.245996
183,12.870634,77.672995,790108.08,1424337.93,790250.0,1424250.0,191,Singasandra,7,0.078389
184,12.876622,77.482591,769424.34,1424793.31,769250.0,1424750.0,198,Hemmigepura,3,0.060753
185,12.876203,77.485586,769750.0,1424750.0,769750.0,1424750.0,198,Hemmigepura,3,0.25
186,12.876159,77.49019,770250.0,1424750.0,770250.0,1424750.0,198,Hemmigepura,3,0.25
187,12.876259,77.494653,770734.51,1424765.72,770750.0,1424750.0,198,Hemmigepura,3,0.230189
188,12.876876,77.499251,771233.15,1424838.89,771250.0,1424750.0,198,Hemmigepura,3,0.15875
189,12.877543,77.502162,771548.49,1424915.87,771750.0,1424750.0,198,Hemmigepura,4,0.018351
190,12.876598,77.509924,772392.46,1424819.43,772250.0,1424750.0,198,Hemmigepura,4,0.086706
191,12.875939,77.51321,772750.0,1424750.0,772750.0,1424750.0,198,Hemmigepura,4,0.25
192,12.875895,77.517814,773250.0,1424750.0,773250.0,1424750.0,198,Hemmigepura,4,0.25
193,12.876102,77.522297,773736.6,1424777.71,773750.0,1424750.0,198,Hemmigepura,4,0.220325
194,12.875972,77.527171,774265.95,1424768.49,774250.0,1424750.0,198,Hemmigepura,4,0.227422
195,12.875762,77.531626,774750.0,1424750.0,774750.0,1424750.0,198,Hemmigepura,4,0.25
196,12.875717,77.53623,775250.0,1424750.0,775250.0,1424750.0,198,Hemmigepura,4,0.25
197,12.875673,77.540834,775750.0,1424750.0,775750.0,1424750.0,198,Hemmigepura,4,0.25
198,12.875628,77.545438,776250.0,1424750.0,776250.0,1424750.0,198,Hemmigepura,4,0.25
199,12.875583,77.550042,776750.0,1424750.0,776750.0,1424750.0,198,Hemmigepura,5,0.25
200,12.875538,77.554646,777250.0,1424750.0,777250.0,1424750.0,196,Anjanapura,5,0.25
201,12.875493,77.55925,777750.0,1424750.0,777750.0,1424750.0,196,Anjanapura,5,0.25
202,12.875448,77.563854,778250.0,1424750.0,778250.0,1424750.0,196,Anjanapura,5,0.25
203,12.875403,77.568458,778750.0,1424750.0,778750.0,1424750.0,196,Anjanapura,5,0.25
204,12.875358,77.573061,779250.0,1424750.0,779250.0,1424750.0,194,Gottigere,5,0.25
205,12.875313,77.577665,779750.0,1424750.0,779750.0,1424750.0,194,Gottigere,5,0.25
206,12.875267,77.582269,780250.0,1424750.0,780250.0,1424750.0,194,Gottigere,5,0.25
207,12.875222,77.586873,780750.0,1424750.0,780750.0,1424750.0,194,Gottigere,5,0.25
208,12.875176,77.591477,781250.0,1424750.0,781250.0,1424750.0,193,Arakere,5,0.25
209,12.875131,77.59608,781750.0,1424750.0,781750.0,1424750.0,193,Arakere,5,0.25
210,12.875085,77.600684,782250.0,1424750.0,782250.0,1424750.0,193,Arakere,6,0.25
211,12.875039,77.605288,782750.0,1424750.0,782750.0,1424750.0,193,Arakere,6,0.25
212,12.874993,77.609891,783250.0,1424750.0,783250.0,1424750.0,193,Arakere,6,0.25
213,12.874948,77.614495,783750.0,1424750.0,783750.0,1424750.0,193,Arakere,6,0.25
214,12.874902,77.619099,784250.0,1424750.0,784250.0,1424750.0,192,Begur,6,0.25
215,12.874855,77.623702,784750.0,1424750.0,784750.0,1424750.0,192,Begur,6,0.25
216,12.874809,77.628306,785250.0,1424750.0,785250.0,1424750.0,192,Begur,6,0.25
217,12.874763,77.63291,785750.0,1424750.0,785750.0,1424750.0,192,Begur,6,0.25
218,12.874717,77.637513,786250.0,1424750.0,786250.0,1424750.0,192,Begur,6,0.25
219,12.87467,77.642117,786750.0,1424750.0,786750.0,1424750.0,191,Singasandra,6,0.25
220,12.874624,77.64672,787250.0,1424750.0,787250.0,1424750.0,191,Singasandra,6,0.25
221,12.874577,77.651324,787750.0,1424750.0,787750.0,1424750.0,191,Singasandra,7,0.25
222,12.874531,77.655927,788250.0,1424750.0,788250.0,1424750.0,191,Singasandra,7,0.25
223,12.874484,77.660531,788750.0,1424750.0,788750.0,1424750.0,191,Singasandra,7,0.25
224,12.874437,77.665134,789250.0,1424750.0,789250.0,1424750.0,191,Singasandra,7,0.25
225,12.87439,77.669738,789750.0,1424750.0,789750.0,1424750.0,191,Singasandra,7,0.25
226,12.874186,77.673479,790156.53,1424731.62,790250.0,1424750.0,191,Singasandra,7,0.153882
227,12.881063,77.477571,768874.52,1425279.57,768750.0,1425250.0,198,Hemmigepura,3,0.10514
228,12.880862,77.481081,769255.91,1425260.98,769250.0,1425250.0,198,Hemmigepura,3,0.238581
229,12.88072,77.48563,769750.0,1425250.0,769750.0,1425250.0,198,Hemmigepura,3,0.25
230,12.880676,77.490234,770250.0,1425250.0,770250.0,1425250.0,198,Hemmigepura,3,0.25
231,12.880632,77.494839,770750.0,1425250.0,770750.0,1425250.0,198,Hemmigepura,3,0.25
232,12.880588,77.499443,771250.0,1425250.0,771250.0,1425250.0,198,Hemmigepura,3,0.25
233,12.881028,77.503701,771711.89,1425303.12,771750.0,1425250.0,198,Hemmigepura,4,0.178714
234,12.880668,77.508809,772266.93,1425268.76,772250.0,1425250.0,198,Hemmigepura,4,0.227177
235,12.880456,77.513255,772750.0,1425250.0,772750.0,1425250.0,198,Hemmigepura,4,0.25
236,12.880412,77.517859,773250.0,1425250.0,773250.0,1425250.0,198,Hemmigepura,4,0.25
237,12.880368,77.522464,773750.0,1425250.0,773750.0,1425250.0,198,Hemmigepura,4,0.25
238,12.880323,77.527068,774250.0,1425250.0,774250.0,1425250.0,198,Hemmigepura,4,0.25
239,12.880279,77.531672,774750.0,1425250.0,774750.0,1425250.0,198,Hemmigepura,4,0.25
240,12.880234,77.536276,775250.0,1425250.0,775250.0,1425250.0,198,Hemmigepura,4,0.25
241,12.880189,77.54088,775750.0,1425250.0,775750.0,1425250.0,198,Hemmigepura,4,0.25
242,12.880145,77.545484,776250.0,1425250.0,776250.0,1425250.0,198,Hemmigepura,4,0.25
243,12.8801,77.550088,776750.0,1425250.0,776750.0,1425250.0,198,Hemmigepura,5,0.25
244,12.880055,77.554692,777250.0,1425250.0,777250.0,1425250.0,197,Vasanthpura,5,0.25
245,12.88001,77.559296,777750.0,1425250.0,777750.0,1425250.0,197,Vasanthpura,5,0.25
246,12.879965,77.5639,778250.0,1425250.0,778250.0,1425250.0,197,Vasanthpura,5,0.25
247,12.87992,77.568504,778750.0,1425250.0,778750.0,1425250.0,196,Anjanapura,5,0.25
248,12.879875,77.573108,779250.0,1425250.0,779250.0,1425250.0,196,Anjanapura,5,0.25
249,12.879829,77.577711,779750.0,1425250.0,779750.0,1425250.0,195,Konankunte,5,0.25
250,12.879784,77.582315,780250.0,1425250.0,780250.0,1425250.0,195,Konankunte,5,0.25
251,12.879739,77.586919,780750.0,1425250.0,780750.0,1425250.0,195,Konankunte,5,0.25
252,12.879693,77.591523,781250.0,1425250.0,781250.0,1425250.0,193,Arakere,5,0.25
253,12.879647,77.596127,781750.0,1425250.0,781750.0,1425250.0,193,Arakere,5,0.25
254,12.879602,77.600731,782250.0,1425250.0,782250.0,1425250.0,193,Arakere,6,0.25
255,12.879556,77.605334,782750.0,1425250.0,782750.0,1425250.0,193,Arakere,6,0.25
256,12.87951,77.609938,783250.0,1425250.0,783250.0,1425250.0,193,Arakere,6,0.25
257,12.879464,77.614542,783750.0,1425250.0,783750.0,1425250.0,193,Arakere,6,0.25
258,12.879418,77.619146,784250.0,1425250.0,784250.0,1425250.0,192,Begur,6,0.25
259,12.879372,77.623749,784750.0,1425250.0,784750.0,1425250.0,192,Begur,6,0.25
260,12.879326,77.628353,785250.0,1425250.0,785250.0,1425250.0,192,Begur,6,0.25
261,12.87928,77.632957,785750.0,1425250.0,785750.0,1425250.0,192,Begur,6,0.25
262,12.879233,77.637561,786250.0,1425250.0,786250.0,1425250.0,192,Begur,6,0.25
263,12.879187,77.642164,786750.0,1425250.0,786750.0,1425250.0,191,Singasandra,6,0.25
264,12.87914,77.646768,787250.0,1425250.0,787250.0,1425250.0,191,Singasandra,6,0.25
265,12.879094,77.651371,787750.0,1425250.0,787750.0,1425250.0,191,Singasandra,7,0.25
266,12.879047,77.655975,788250.0,1425250.0,788250.0,1425250.0,191,Singasandra,7,0.25
267,12.879,77.660579,788750.0,1425250.0,788750.0,1425250.0,191,Singasandra,7,0.25
268,12.878954,77.665182,789250.0,1425250.0,789250.0,1425250.0,191,Singasandra,7,0.25
269,12.878906,77.669784,789749.86,1425249.88,789750.0,1425250.0,191,Singasandra,7,0.249856
270,12.878579,77.672916,790090.31,1425217.25,790250.0,1425250.0,191,Singasandra,7,0.065684
271,12.883639,77.478348,768956.19,1425565.41,768750.0,1425750.0,198,Hemmigepura,3,0.011277
272,12.884714,77.481181,769262.63,1425687.41,769250.0,1425750.0,198,Hemmigepura,3,0.180432
273,12.885237,77.485675,769750.0,1425750.0,769750.0,1425750.0,198,Hemmigepura,3,0.25
274,12.885193,77.490279,770250.0,1425750.0,770250.0,1425750.0,198,Hemmigepura,3,0.25
275,12.885149,77.494883,770750.0,1425750.0,770750.0,1425750.0,198,Hemmigepura,3,0.25
276,12.885105,77.499488,771250.0,1425750.0,771250.0,1425750.0,198,Hemmigepura,3,0.25
277,12.885061,77.504092,771750.0,1425750.0,771750.0,1425750.0,198,Hemmigepura,4,0.25
278,12.885017,77.508696,772250.0,1425750.0,772250.0,1425750.0,198,Hemmigepura,4,0.25
279,12.884973,77.5133,772750.0,1425750.0,772750.0,1425750.0,198,Hemmigepura,4,0.25
280,12.884929,77.517905,773250.0,1425750.0,773250.0,1425750.0,198,Hemmigepura,4,0.25
281,12.884885,77.522509,773750.0,1425750.0,773750.0,1425750.0,198,Hemmigepura,4,0.25
282,12.88484,77.527113,774250.0,1425750.0,774250.0,1425750.0,198,Hemmigepura,4,0.25
283,12.884796,77.531717,774750.0,1425750.0,774750.0,1425750.0,198,Hemmigepura,4,0.25
284,12.884751,77.536321,775250.0,1425750.0,775250.0,1425750.0,184,Uttarahalli,4,0.25
285,12.884706,77.540925,775750.0,1425750.0,775750.0,1425750.0,184,Uttarahalli,4,0.25
286,12.884662,77.545529,776250.0,1425750.0,776250.0,1425750.0,184,Uttarahalli,4,0.25
287,12.884617,77.550134,776750.0,1425750.0,776750.0,1425750.0,197,Vasanthpura,5,0.25
288,12.884572,77.554738,777250.0,1425750.0,777250.0,1425750.0,197,Vasanthpura,5,0.25
289,12.884527,77.559342,777750.0,1425750.0,777750.0,1425750.0,197,Vasanthpura,5,0.25
290,12.884482,77.563946,778250.0,1425750.0,778250.0,1425750.0,197,Vasanthpura,5,0.25
291,12.884437,77.56855,778750.0,1425750.0,778750.0,1425750.0,196,Anjanapura,5,0.25
292,12.884391,77.573154,779250.0,1425750.0,779250.0,1425750.0,195,Konankunte,5,0.25
293,12.884346,77.577758,779750.0,1425750.0,779750.0,1425750.0,195,Konankunte,5,0.25
294,12.884301,77.582362,780250.0,1425750.0,780250.0,1425750.0,195,Konankunte,5,0.25
295,12.884255,77.586966,780750.0,1425750.0,780750.0,1425750.0,195,Konankunte,5,0.25
296,12.88421,77.591569,781250.0,1425750.0,781250.0,1425750.0,193,Arakere,5,0.25
297,12.884164,77.596173,781750.0,1425750.0,781750.0,1425750.0,193,Arakere,5,0.25
298,12.884118,77.600777,782250.0,1425750.0,782250.0,1425750.0,193,Arakere,6,0.25
299,12.884073,77.605381,782750.0,1425750.0,782750.0,1425750.0,193,Arakere,6,0.25
300,12.884027,77.609985,783250.0,1425750.0,783250.0,1425750.0,193,Arakere,6,0.25
301,12.883981,77.614589,783750.0,1425750.0,783750.0,1425750.0,193,Arakere,6,0.25
302,12.883935,77.619193,784250.0,1425750.0,784250.0,1425750.0,192,Begur,6,0.25
303,12.883889,77.623796,784750.0,1425750.0,784750.0,1425750.0,192,Begur,6,0.25
304,12.883843,77.6284,785250.0,1425750.0,785250.0,1425750.0,192,Begur,6,0.25
305,12.883796,77.633004,785750.0,1425750.0,785750.0,1425750.0,192,Begur,6,0.25
306,12.88375,77.637608,786250.0,1425750.0,786250.0,1425750.0,192,Begur,6,0.25
307,12.883703,77.642212,786750.0,1425750.0,786750.0,1425750.0,191,Singasandra,6,0.25
308,12.883657,77.646815,787250.0,1425750.0,787250.0,1425750.0,191,Singasandra,6,0.25
309,12.88361,77.651419,787750.0,1425750.0,787750.0,1425750.0,191,Singasandra,7,0.25
310,12.883564,77.656023,788250.0,1425750.0,788250.0,1425750.0,191,Singasandra,7,0.25
311,12.883517,77.660626,788750.0,1425750.0,788750.0,1425750.0,191,Singasandra,7,0.25
312,12.88347,77.66523,789250.0,1425750.0,789250.0,1425750.0,191,Singasandra,7,0.25
313,12.883407,77.669812,789747.65,1425748.15,789750.0,1425750.0,191,Singasandra,7,0.247561
314,12.882827,77.67334,790131.47,1425688.0,790250.0,1425750.0,191,Singasandra,7,0.098812
315,12.890947,77.467793,767802.24,1426363.25,767750.0,1426250.0,198,Hemmigepura,3,0.085644
316,12.890423,77.481639,769306.23,1426319.72,769250.0,1426250.0,198,Hemmigepura,3,0.149627
317,12.889754,77.485719,769750.0,1426250.0,769750.0,1426250.0,198,Hemmigepura,3,0.25
318,12.88971,77.490324,770250.0,1426250.0,770250.0,1426250.0,198,Hemmigepura,3,0.25
319,12.889666,77.494928,770750.0,1426250.0,770750.0,1426250.0,198,Hemmigepura,3,0.25
320,12.889622,77.499532,771250.0,1426250.0,771250.0,1426250.0,198,Hemmigepura,3,0.25
321,12.889578,77.504137,771750.0,1426250.0,771750.0,1426250.0,198,Hemmigepura,4,0.25
322,12.889534,77.508741,772250.0,1426250.0,772250.0,1426250.0,198,Hemmigepura,4,0.25
323,12.88949,77.513345,772750.0,1426250.0,772750.0,1426250.0,198,Hemmigepura,4,0.25
324,12.889446,77.51795,773250.0,1426250.0,773250.0,1426250.0,198,Hemmigepura,4,0.25
325,12.889401,77.522554,773750.0,1426250.0,773750.0,1426250.0,184,Uttarahalli,4,0.25
326,12.889357,77.527158,774250.0,1426250.0,774250.0,1426250.0,184,Uttarahalli,4,0.25
327,12.889313,77.531762,774750.0,1426250.0,774750.0,1426250.0,184,Uttarahalli,4,0.25
328,12.889268,77.536367,775250.0,1426250.0,775250.0,1426250.0,184,Uttarahalli,4,0.25
329,12.889223,77.540971,775750.0,1426250.0,775750.0,1426250.0,184,Uttarahalli,4,0.25
330,12.889179,77.545575,776250.0,1426250.0,776250.0,1426250.0,184,Uttarahalli,4,0.25
331,12.889134,77.550179,776750.0,1426250.0,776750.0,1426250.0,197,Vasanthpura,5,0.25
332,12.889089,77.554783,777250.0,1426250.0,777250.0,1426250.0,197,Vasanthpura,5,0.25
333,12.889044,77.559388,777750.0,1426250.0,777750.0,1426250.0,197,Vasanthpura,5,0.25
334,12.888999,77.563992,778250.0,1426250.0,778250.0,1426250.0,197,Vasanthpura,5,0.25
335,12.888954,77.568596,778750.0,1426250.0,778750.0,1426250.0,197,Vasanthpura,5,0.25
336,12.888908,77.5732,779250.0,1426250.0,779250.0,1426250.0,195,Konankunte,5,0.25
337,12.888863,77.577804,779750.0,1426250.0,779750.0,1426250.0,195,Konankunte,5,0.25
338,12.888818,77.582408,780250.0,1426250.0,780250.0,1426250.0,195,Konankunte,5,0.25
339,12.888772,77.587012,780750.0,1426250.0,780750.0,1426250.0,195,Konankunte,5,0.25
340,12.888727,77.591616,781250.0,1426250.0,781250.0,1426250.0,193,Arakere,5,0.25
341,12.888681,77.59622,781750.0,1426250.0,781750.0,1426250.0,193,Arakere,5,0.25
342,12.888635,77.600824,782250.0,1426250.0,782250.0,1426250.0,193,Arakere,6,0.25
343,12.888589,77.605428,782750.0,1426250.0,782750.0,1426250.0,193,Arakere,6,0.25
344,12.888543,77.610032,783250.0,1426250.0,783250.0,1426250.0,188,Bilekhalli,6,0.25
345,12.888498,77.614636,783750.0,1426250.0,783750.0,1426250.0,175,Bommanahalli,6,0.25
346,12.888451,77.61924,784250.0,1426250.0,784250.0,1426250.0,175,Bommanahalli,6,0.25
347,12.888405,77.623844,784750.0,1426250.0,784750.0,1426250.0,192,Begur,6,0.25
348,12.888359,77.628447,785250.0,1426250.0,785250.0,1426250.0,189,Hongasandra,6,0.25
349,12.888313,77.633051,785750.0,1426250.0,785750.0,1426250.0,190,Mangammanapalya,6,0.25
350,12.888266,77.637655,786250.0,1426250.0,786250.0,1426250.0,190,Mangammanapalya,6,0.25
351,12.88822,77.642259,786750.0,1426250.0,786750.0,1426250.0,190,Mangammanapalya,6,0.25
352,12.888173,77.646863,787250.0,1426250.0,787250.0,1426250.0,191,Singasandra,6,0.25
353,12.888127,77.651466,787750.0,1426250.0,787750.0,1426250.0,191,Singasandra,7,0.25
354,12.88808,77.65607,788250.0,1426250.0,788250.0,1426250.0,191,Singasandra,7,0.25
355,12.888033,77.660674,788750.0,1426250.0,788750.0,1426250.0,191,Singasandra,7,0.25
356,12.887987,77.665278,789250.0,1426250.0,789250.0,1426250.0,191,Singasandra,7,0.25
357,12.887944,77.669877,789749.51,1426250.45,789750.0,1426250.0,191,Singasandra,7,0.249501
358,12.888897,77.672416,790024.12,1426358.81,790250.0,1426250.0,191,Singasandra,7,0.015326
359,12.895512,77.46421,767408.33,1426864.74,767250.0,1426750.0,198,Hemmigepura,3,0.055793
360,12.894471,77.467369,767752.43,1426752.88,767750.0,1426750.0,198,Hemmigepura,3,0.246778
361,12.895509,77.470772,768120.86,1426871.26,768250.0,1426750.0,198,Hemmigepura,3,0.061499
362,12.895137,77.477039,768801.76,1426836.65,768750.0,1426750.0,198,Hemmigepura,3,0.143365
363,12.894317,77.481162,769250.28,1426750.28,769250.0,1426750.0,198,Hemmigepura,3,0.24971
364,12.894271,77.485764,769750.0,1426750.0,769750.0,1426750.0,198,Hemmigepura,3,0.25
365,12.894227,77.490368,770250.0,1426750.0,770250.0,1426750.0,198,Hemmigepura,3,0.25
366,12.894183,77.494973,770750.0,1426750.0,770750.0,1426750.0,198,Hemmigepura,3,0.25
367,12.89414,77.499577,771250.0,1426750.0,771250.0,1426750.0,198,Hemmigepura,3,0.25
368,12.894095,77.504182,771750.0,1426750.0,771750.0,1426750.0,198,Hemmigepura,4,0.25
369,12.894051,77.508786,772250.0,1426750.0,772250.0,1426750.0,198,Hemmigepura,4,0.25
370,12.894007,77.513391,772750.0,1426750.0,772750.0,1426750.0,198,Hemmigepura,4,0.25
371,12.893963,77.517995,773250.0,1426750.0,773250.0,1426750.0,160,Rajarajeshwari Nagar,4,0.25
372,12.893918,77.522599,773750.0,1426750.0,773750.0,1426750.0,184,Uttarahalli,4,0.25
373,12.893874,77.527204,774250.0,1426750.0,774250.0,1426750.0,184,Uttarahalli,4,0.25
374,12.89383,77.531808,774750.0,1426750.0,774750.0,1426750.0,184,Uttarahalli,4,0.25
375,12.893785,77.536412,775250.0,1426750.0,775250.0,1426750.0,184,Uttarahalli,4,0.25
376,12.89374,77.541017,775750.0,1426750.0,775750.0,1426750.0,184,Uttarahalli,4,0.25
377,12.893695,77.545621,776250.0,1426750.0,776250.0,1426750.0,184,Uttarahalli,4,0.25
378,12.893651,77.550225,776750.0,1426750.0,776750.0,1426750.0,197,Vasanthpura,5,0.25
379,12.893606,77.554829,777250.0,1426750.0,777250.0,1426750.0,197,Vasanthpura,5,0.25
380,12.893561,77.559433,777750.0,1426750.0,777750.0,1426750.0,197,Vasanthpura,5,0.25
381,12.893516,77.564038,778250.0,1426750.0,778250.0,1426750.0,197,Vasanthpura,5,0.25
382,12.89347,77.568642,778750.0,1426750.0,778750.0,1426750.0,197,Vasanthpura,5,0.25
383,12.893425,77.573246,779250.0,1426750.0,779250.0,1426750.0,195,Konankunte,5,0.25
384,12.89338,77.57785,779750.0,1426750.0,779750.0,1426750.0,195,Konankunte,5,0.25
385,12.893334,77.582454,780250.0,1426750.0,780250.0,1426750.0,187,Puttenahalli,5,0.25
386,12.893289,77.587058,780750.0,1426750.0,780750.0,1426750.0,187,Puttenahalli,5,0.25
387,12.893243,77.591662,781250.0,1426750.0,781250.0,1426750.0,187,Puttenahalli,5,0.25
388,12.893198,77.596267,781750.0,1426750.0,781750.0,1426750.0,187,Puttenahalli,5,0.25
389,12.893152,77.600871,782250.0,1426750.0,782250.0,1426750.0,188,Bilekhalli,6,0.25
390,12.893106,77.605475,782750.0,1426750.0,782750.0,1426750.0,188,Bilekhalli,6,0.25
391,12.89306,77.610079,783250.0,1426750.0,783250.0,1426750.0,188,Bilekhalli,6,0.25
392,12.893014,77.614683,783750.0,1426750.0,783750.0,1426750.0,175,Bommanahalli,6,0.25
393,12.892968,77.619287,784250.0,1426750.0,784250.0,1426750.0,175,Bommanahalli,6,0.25
394,12.892922,77.623891,784750.0,1426750.0,784750.0,1426750.0,189,Hongasandra,6,0.25
395,12.892876,77.628495,785250.0,1426750.0,785250.0,1426750.0,189,Hongasandra,6,0.25
396,12.892829,77.633098,785750.0,1426750.0,785750.0,1426750.0,190,Mangammanapalya,6,0.25
397,12.892783,77.637702,786250.0,1426750.0,786250.0,1426750.0,190,Mangammanapalya,6,0.25
398,12.892737,77.642306,786750.0,1426750.0,786750.0,1426750.0,190,Mangammanapalya,6,0.25
399,12.89269,77.64691,787250.0,1426750.0,787250.0,1426750.0,190,Mangammanapalya,6,0.25
400,12.892643,77.651514,787750.0,1426750.0,787750.0,1426750.0,191,Singasandra,7,0.25
401,12.892597,77.656118,788250.0,1426750.0,788250.0,1426750.0,191,Singasandra,7,0.25
402,12.89255,77.660722,788750.0,1426750.0,788750.0,1426750.0,191,Singasandra,7,0.25
403,12.892503,77.665325,789250.0,1426750.0,789250.0,1426750.0,191,Singasandra,7,0.25
404,12.892456,77.669929,789750.0,1426750.0,789750.0,1426750.0,191,Singasandra,7,0.25
405,12.893282,77.674111,790203.18,1426846.13,790250.0,1426750.0,150,Bellanduru,7,0.129116
406,12.894221,77.677168,790534.04,1426953.58,790750.0,1426750.0,150,Bellanduru,7,0.00711
407,12.900774,77.460363,766985.14,1427443.1,766750.0,1427250.0,159,Kengeri,8,0.00363
408,12.899239,77.463114,767285.38,1427276.17,767250.0,1427250.0,159,Kengeri,3,0.207489
409,12.898963,77.46739,767750.0,1427250.0,767750.0,1427250.0,198,Hemmigepura,3,0.25
410,12.898932,77.471991,768249.55,1427251.36,768250.0,1427250.0,198,Hemmigepura,3,0.248596
411,12.898876,77.476599,768750.0,1427250.0,768750.0,1427250.0,198,Hemmigepura,3,0.25
412,12.898832,77.481204,769250.0,1427250.0,769250.0,1427250.0,198,Hemmigepura,3,0.25
413,12.898788,77.485809,769750.0,1427250.0,769750.0,1427250.0,198,Hemmigepura,3,0.25
414,12.898744,77.490413,770250.0,1427250.0,770250.0,1427250.0,198,Hemmigepura,3,0.25
415,12.898701,77.495018,770750.0,1427250.0,770750.0,1427250.0,198,Hemmigepura,3,0.25
416,12.898657,77.499622,771250.0,1427250.0,771250.0,1427250.0,198,Hemmigepura,3,0.25
417,12.898613,77.504227,771750.0,1427250.0,771750.0,1427250.0,198,Hemmigepura,4,0.25
418,12.898568,77.508831,772250.0,1427250.0,772250.0,1427250.0,198,Hemmigepura,4,0.25
419,12.898524,77.513436,772750.0,1427250.0,772750.0,1427250.0,198,Hemmigepura,4,0.25
420,12.89848,77.51804,773250.0,1427250.0,773250.0,1427250.0,160,Rajarajeshwari Nagar,4,0.25
421,12.898435,77.522645,773750.0,1427250.0,773750.0,1427250.0,160,Rajarajeshwari Nagar,4,0.25
422,12.898391,77.527249,774250.0,1427250.0,774250.0,1427250.0,160,Rajarajeshwari Nagar,4,0.25
423,12.898346,77.531853,774750.0,1427250.0,774750.0,1427250.0,160,Rajarajeshwari Nagar,4,0.25
424,12.898302,77.536458,775250.0,1427250.0,775250.0,1427250.0,184,Uttarahalli,4,0.25
425,12.898257,77.541062,775750.0,1427250.0,775750.0,1427250.0,184,Uttarahalli,4,0.25
426,12.898212,77.545666,776250.0,1427250.0,776250.0,1427250.0,184,Uttarahalli,4,0.25
427,12.898167,77.550271,776750.0,1427250.0,776750.0,1427250.0,197,Vasanthpura,5,0.25
428,12.898123,77.554875,777250.0,1427250.0,777250.0,1427250.0,197,Vasanthpura,5,0.25
429,12.898077,77.559479,777750.0,1427250.0,777750.0,1427250.0,181,Kumaraswamy Layout,5,0.25
430,12.898032,77.564084,778250.0,1427250.0,778250.0,1427250.0,185,Yelchenahalli,5,0.25
431,12.897987,77.568688,778750.0,1427250.0,778750.0,1427250.0,185,Yelchenahalli,5,0.25
432,12.897942,77.573292,779250.0,1427250.0,779250.0,1427250.0,186,Jaraganahalli,5,0.25
433,12.897897,77.577896,779750.0,1427250.0,779750.0,1427250.0,186,Jaraganahalli,5,0.25
434,12.897851,77.582501,780250.0,1427250.0,780250.0,1427250.0,186,Jaraganahalli,5,0.25
435,12.897806,77.587105,780750.0,1427250.0,780750.0,1427250.0,187,Puttenahalli,5,0.25
436,12.89776,77.591709,781250.0,1427250.0,781250.0,1427250.0,187,Puttenahalli,5,0.25
437,12.897714,77.596313,781750.0,1427250.0,781750.0,1427250.0,187,Puttenahalli,5,0.25
438,12.897669,77.600917,782250.0,1427250.0,782250.0,1427250.0,188,Bilekhalli,6,0.25
439,12.897623,77.605521,782750.0,1427250.0,782750.0,1427250.0,188,Bilekhalli,6,0.25
440,12.897577,77.610125,783250.0,1427250.0,783250.0,1427250.0,188,Bilekhalli,6,0.25
441,12.897531,77.61473,783750.0,1427250.0,783750.0,1427250.0,188,Bilekhalli,6,0.25
442,12.897485,77.619334,784250.0,1427250.0,784250.0,1427250.0,175,Bommanahalli,6,0.25
443,12.897439,77.623938,784750.0,1427250.0,784750.0,1427250.0,189,Hongasandra,6,0.25
444,12.897392,77.628542,785250.0,1427250.0,785250.0,1427250.0,189,Hongasandra,6,0.25
445,12.897346,77.633146,785750.0,1427250.0,785750.0,1427250.0,189,Hongasandra,6,0.25
446,12.8973,77.63775,786250.0,1427250.0,786250.0,1427250.0,190,Mangammanapalya,6,0.25
447,12.897253,77.642354,786750.0,1427250.0,786750.0,1427250.0,190,Mangammanapalya,6,0.25
448,12.897207,77.646958,787250.0,1427250.0,787250.0,1427250.0,190,Mangammanapalya,6,0.25
449,12.89716,77.651562,787750.0,1427250.0,787750.0,1427250.0,190,Mangammanapalya,7,0.25
450,12.897113,77.656166,788250.0,1427250.0,788250.0,1427250.0,150,Bellanduru,7,0.25
451,12.897066,77.660769,788750.0,1427250.0,788750.0,1427250.0,150,Bellanduru,7,0.25
452,12.89702,77.665373,789250.0,1427250.0,789250.0,1427250.0,150,Bellanduru,7,0.25
453,12.896973,77.669977,789750.0,1427250.0,789750.0,1427250.0,150,Bellanduru,7,0.25
454,12.896925,77.674581,790250.0,1427250.0,790250.0,1427250.0,150,Bellanduru,7,0.25
455,12.89737,77.678383,790662.35,1427303.52,790750.0,1427250.0,150,Bellanduru,7,0.142724
456,12.90273,77.460336,766980.1,1427659.63,766750.0,1427750.0,159,Kengeri,8,0.012281
457,12.903213,77.462975,767266.1,1427715.79,767250.0,1427750.0,159,Kengeri,8,0.212909
458,12.90348,77.467434,767750.0,1427750.0,767750.0,1427750.0,159,Kengeri,8,0.25
459,12.903436,77.472039,768250.0,1427750.0,768250.0,1427750.0,198,Hemmigepura,8,0.25
460,12.903393,77.476644,768750.0,1427750.0,768750.0,1427750.0,198,Hemmigepura,8,0.25
461,12.903349,77.481249,769250.0,1427750.0,769250.0,1427750.0,198,Hemmigepura,8,0.25
462,12.903305,77.485853,769750.0,1427750.0,769750.0,1427750.0,198,Hemmigepura,8,0.25
463,12.903262,77.490458,770250.0,1427750.0,770250.0,1427750.0,198,Hemmigepura,8,0.25
464,12.903218,77.495062,770750.0,1427750.0,770750.0,1427750.0,198,Hemmigepura,8,0.25
465,12.903174,77.499667,771250.0,1427750.0,771250.0,1427750.0,198,Hemmigepura,8,0.25
466,12.90313,77.504272,771750.0,1427750.0,771750.0,1427750.0,198,Hemmigepura,9,0.25
467,12.903085,77.508876,772250.0,1427750.0,772250.0,1427750.0,198,Hemmigepura,9,0.25
468,12.903041,77.513481,772750.0,1427750.0,772750.0,1427750.0,160,Rajarajeshwari Nagar,9,0.25
469,12.902997,77.518085,773250.0,1427750.0,773250.0,1427750.0,160,Rajarajeshwari Nagar,9,0.25
470,12.902952,77.52269,773750.0,1427750.0,773750.0,1427750.0,160,Rajarajeshwari Nagar,9,0.25
471,12.902908,77.527294,774250.0,1427750.0,774250.0,1427750.0,160,Rajarajeshwari Nagar,9,0.25
472,12.902863,77.531899,774750.0,1427750.0,774750.0,1427750.0,160,Rajarajeshwari Nagar,9,0.25
473,12.902819,77.536503,775250.0,1427750.0,775250.0,1427750.0,184,Uttarahalli,9,0.25
474,12.902774,77.541108,775750.0,1427750.0,775750.0,1427750.0,184,Uttarahalli,9,0.25
475,12.902729,77.545712,776250.0,1427750.0,776250.0,1427750.0,184,Uttarahalli,9,0.25
476,12.902684,77.550317,776750.0,1427750.0,776750.0,1427750.0,184,Uttarahalli,10,0.25
477,12.902639,77.554921,777250.0,1427750.0,777250.0,1427750.0,197,Vasanthpura,10,0.25
478,12.902594,77.559525,777750.0,1427750.0,777750.0,1427750.0,181,Kumaraswamy Layout,10,0.25
479,12.902549,77.56413,778250.0,1427750.0,778250.0,1427750.0,185,Yelchenahalli,10,0.25
480,12.902504,77.568734,778750.0,1427750.0,778750.0,1427750.0,185,Yelchenahalli,10,0.25
481,12.902459,77.573338,779250.0,1427750.0,779250.0,1427750.0,185,Yelchenahalli,10,0.25
482,12.902413,77.577943,779750.0,1427750.0,779750.0,1427750.0,186,Jaraganahalli,10,0.25
483,12.902368,77.582547,780250.0,1427750.0,780250.0,1427750.0,186,Jaraganahalli,10,0.25
484,12.902322,77.587151,780750.0,1427750.0,780750.0,1427750.0,187,Puttenahalli,10,0.25
485,12.902277,77.591756,781250.0,1427750.0,781250.0,1427750.0,187,Puttenahalli,10,0.25
486,12.902231,77.59636,781750.0,1427750.0,781750.0,1427750.0,187,Puttenahalli,10,0.25
487,12.902185,77.600964,782250.0,1427750.0,782250.0,1427750.0,187,Puttenahalli,11,0.25
488,12.902139,77.605568,782750.0,1427750.0,782750.0,1427750.0,188,Bilekhalli,11,0.25
489,12.902094,77.610172,783250.0,1427750.0,783250.0,1427750.0,188,Bilekhalli,11,0.25
490,12.902047,77.614777,783750.0,1427750.0,783750.0,1427750.0,188,Bilekhalli,11,0.25
491,12.902001,77.619381,784250.0,1427750.0,784250.0,1427750.0,175,Bommanahalli,11,0.25
492,12.901955,77.623985,784750.0,1427750.0,784750.0,1427750.0,189,Hongasandra,11,0.25
493,12.901909,77.628589,785250.0,1427750.0,785250.0,1427750.0,189,Hongasandra,11,0.25
494,12.901863,77.633193,785750.0,1427750.0,785750.0,1427750.0,189,Hongasandra,11,0.25
495,12.901816,77.637797,786250.0,1427750.0,786250.0,1427750.0,190,Mangammanapalya,11,0.25
496,12.90177,77.642401,786750.0,1427750.0,786750.0,1427750.0,190,Mangammanapalya,11,0.25
497,12.901723,77.647005,787250.0,1427750.0,787250.0,1427750.0,190,Mangammanapalya,11,0.25
498,12.901676,77.651609,787750.0,1427750.0,787750.0,1427750.0,174,HSR Layout,12,0.25
499,12.90163,77.656213,788250.0,1427750.0,788250.0,1427750.0,150,Bellanduru,12,0.25
500,12.901583,77.660817,788750.0,1427750.0,788750.0,1427750.0,150,Bellanduru,12,0.25
501,12.901536,77.665421,789250.0,1427750.0,789250.0,1427750.0,150,Bellanduru,12,0.25
502,12.901489,77.670025,789750.0,1427750.0,789750.0,1427750.0,150,Bellanduru,12,0.25
503,12.901442,77.674629,790250.0,1427750.0,790250.0,1427750.0,150,Bellanduru,12,0.25
504,12.901401,77.679227,790749.36,1427750.63,790750.0,1427750.0,150,Bellanduru,12,0.249336
505,12.902242,77.682574,791111.82,1427847.52,791250.0,1427750.0,150,Bellanduru,12,0.076722
506,12.907044,77.464878,767468.63,1428141.83,767250.0,1428250.0,159,Kengeri,8,0.019611
507,12.907941,77.467539,767756.55,1428243.86,767750.0,1428250.0,159,Kengeri,8,0.242634
508,12.907954,77.472084,768250.0,1428250.0,768250.0,1428250.0,159,Kengeri,8,0.25
509,12.90791,77.476688,768750.0,1428250.0,768750.0,1428250.0,198,Hemmigepura,8,0.25
510,12.907866,77.481293,769250.0,1428250.0,769250.0,1428250.0,198,Hemmigepura,8,0.25
511,12.907822,77.485898,769750.0,1428250.0,769750.0,1428250.0,198,Hemmigepura,8,0.25
512,12.907779,77.490503,770250.0,1428250.0,770250.0,1428250.0,198,Hemmigepura,8,0.25
513,12.907735,77.495107,770750.0,1428250.0,770750.0,1428250.0,198,Hemmigepura,8,0.25
514,12.907691,77.499712,771250.0,1428250.0,771250.0,1428250.0,198,Hemmigepura,8,0.25
515,12.907647,77.504317,771750.0,1428250.0,771750.0,1428250.0,198,Hemmigepura,9,0.25
516,12.907602,77.508921,772250.0,1428250.0,772250.0,1428250.0,198,Hemmigepura,9,0.25
517,12.907558,77.513526,772750.0,1428250.0,772750.0,1428250.0,160,Rajarajeshwari Nagar,9,0.25
518,12.907514,77.518131,773250.0,1428250.0,773250.0,1428250.0,160,Rajarajeshwari Nagar,9,0.25
519,12.907469,77.522735,773750.0,1428250.0,773750.0,1428250.0,160,Rajarajeshwari Nagar,9,0.25
520,12.907425,77.52734,774250.0,1428250.0,774250.0,1428250.0,184,Uttarahalli,9,0.25
521,12.90738,77.531944,774750.0,1428250.0,774750.0,1428250.0,184,Uttarahalli,9,0.25
522,12.907336,77.536549,775250.0,1428250.0,775250.0,1428250.0,184,Uttarahalli,9,0.25
523,12.907291,77.541153,775750.0,1428250.0,775750.0,1428250.0,184,Uttarahalli,9,0.25
524,12.907246,77.545758,776250.0,1428250.0,776250.0,1428250.0,184,Uttarahalli,9,0.25
525,12.907201,77.550362,776750.0,1428250.0,776750.0,1428250.0,182,Padmanabha Nagar,10,0.25
526,12.907156,77.554967,777250.0,1428250.0,777250.0,1428250.0,182,Padmanabha Nagar,10,0.25
527,12.907111,77.559571,777750.0,1428250.0,777750.0,1428250.0,181,Kumaraswamy Layout,10,0.25
528,12.907066,77.564176,778250.0,1428250.0,778250.0,1428250.0,181,Kumaraswamy Layout,10,0.25
529,12.907021,77.56878,778750.0,1428250.0,778750.0,1428250.0,185,Yelchenahalli,10,0.25
530,12.906976,77.573385,779250.0,1428250.0,779250.0,1428250.0,178,Sarakki,10,0.25
531,12.90693,77.577989,779750.0,1428250.0,779750.0,1428250.0,178,Sarakki,10,0.25
532,12.906885,77.582593,780250.0,1428250.0,780250.0,1428250.0,178,Sarakki,10,0.25
533,12.906839,77.587198,780750.0,1428250.0,780750.0,1428250.0,178,Sarakki,10,0.25
534,12.906794,77.591802,781250.0,1428250.0,781250.0,1428250.0,178,Sarakki,10,0.25
535,12.906748,77.596406,781750.0,1428250.0,781750.0,1428250.0,177,J P Nagar,10,0.25
536,12.906702,77.601011,782250.0,1428250.0,782250.0,1428250.0,177,J P Nagar,11,0.25
537,12.906656,77.605615,782750.0,1428250.0,782750.0,1428250.0,176,BTM Layout,11,0.25
538,12.90661,77.610219,783250.0,1428250.0,783250.0,1428250.0,176,BTM Layout,11,0.25
539,12.906564,77.614823,783750.0,1428250.0,783750.0,1428250.0,188,Bilekhalli,11,0.25
540,12.906518,77.619428,784250.0,1428250.0,784250.0,1428250.0,188,Bilekhalli,11,0.25
541,12.906472,77.624032,784750.0,1428250.0,784750.0,1428250.0,175,Bommanahalli,11,0.25
542,12.906426,77.628636,785250.0,1428250.0,785250.0,1428250.0,175,Bommanahalli,11,0.25
543,12.906379,77.63324,785750.0,1428250.0,785750.0,1428250.0,189,Hongasandra,11,0.25
544,12.906333,77.637844,786250.0,1428250.0,786250.0,1428250.0,174,HSR Layout,11,0.25
545,12.906286,77.642449,786750.0,1428250.0,786750.0,1428250.0,174,HSR Layout,11,0.25
546,12.90624,77.647053,787250.0,1428250.0,787250.0,1428250.0,174,HSR Layout,11,0.25
547,12.906193,77.651657,787750.0,1428250.0,787750.0,1428250.0,174,HSR Layout,12,0.25
548,12.906146,77.656261,788250.0,1428250.0,788250.0,1428250.0,150,Bellanduru,12,0.25
549,12.906099,77.660865,788750.0,1428250.0,788750.0,1428250.0,150,Bellanduru,12,0.25
550,12.906052,77.665469,789250.0,1428250.0,789250.0,1428250.0,150,Bellanduru,12,0.25
551,12.906005,77.670073,789750.0,1428250.0,789750.0,1428250.0,150,Bellanduru,12,0.25
552,12.905958,77.674677,790250.0,1428250.0,790250.0,1428250.0,150,Bellanduru,12,0.25
553,12.905911,77.679281,790750.0,1428250.0,790750.0,1428250.0,150,Bellanduru,12,0.25
554,12.905992,77.683743,791234.44,1428263.97,791250.0,1428250.0,150,Bellanduru,12,0.231538
555,12.907351,77.687399,791629.86,1428418.59,791750.0,1428250.0,150,Bellanduru,12,0.041012
556,12.90745,77.693545,792297.14,1428436.6,792250.0,1428250.0,150,Bellanduru,12,0.057284
557,12.906849,77.697913,792772.12,1428375.03,792750.0,1428250.0,150,Bellanduru,12,0.122099
558,12.906284,77.702404,793260.54,1428317.68,793250.0,1428250.0,150,Bellanduru,13,0.181337
559,12.90603,77.706553,793711.37,1428294.3,793750.0,1428250.0,150,Bellanduru,13,0.178467
560,12.912081,77.468515,767858.14,1428703.08,767750.0,1428750.0,159,Kengeri,8,0.128305
561,12.912471,77.472128,768250.0,1428750.0,768250.0,1428750.0,159,Kengeri,8,0.25
562,12.912427,77.476733,768750.0,1428750.0,768750.0,1428750.0,159,Kengeri,8,0.25
563,12.912383,77.481338,769250.0,1428750.0,769250.0,1428750.0,159,Kengeri,8,0.25
564,12.91234,77.485943,769750.0,1428750.0,769750.0,1428750.0,198,Hemmigepura,8,0.25
565,12.912296,77.490547,770250.0,1428750.0,770250.0,1428750.0,198,Hemmigepura,8,0.25
566,12.912252,77.495152,770750.0,1428750.0,770750.0,1428750.0,198,Hemmigepura,8,0.25
567,12.912208,77.499757,771250.0,1428750.0,771250.0,1428750.0,198,Hemmigepura,8,0.25
568,12.912164,77.504362,771750.0,1428750.0,771750.0,1428750.0,198,Hemmigepura,9,0.25
569,12.912119,77.508966,772250.0,1428750.0,772250.0,1428750.0,198,Hemmigepura,9,0.25
570,12.912075,77.513571,772750.0,1428750.0,772750.0,1428750.0,160,Rajarajeshwari Nagar,9,0.25
571,12.912031,77.518176,773250.0,1428750.0,773250.0,1428750.0,160,Rajarajeshwari Nagar,9,0.25
572,12.911986,77.52278,773750.0,1428750.0,773750.0,1428750.0,160,Rajarajeshwari Nagar,9,0.25
573,12.911942,77.527385,774250.0,1428750.0,774250.0,1428750.0,160,Rajarajeshwari Nagar,9,0.25
574,12.911897,77.53199,774750.0,1428750.0,774750.0,1428750.0,184,Uttarahalli,9,0.25
575,12.911853,77.536594,775250.0,1428750.0,775250.0,1428750.0,184,Uttarahalli,9,0.25
576,12.911808,77.541199,775750.0,1428750.0,775750.0,1428750.0,184,Uttarahalli,9,0.25
577,12.911763,77.545804,776250.0,1428750.0,776250.0,1428750.0,197,Vasanthpura,9,0.25
578,12.911718,77.550408,776750.0,1428750.0,776750.0,1428750.0,197,Vasanthpura,10,0.25
579,12.911673,77.555013,777250.0,1428750.0,777250.0,1428750.0,182,Padmanabha Nagar,10,0.25
580,12.911628,77.559617,777750.0,1428750.0,777750.0,1428750.0,181,Kumaraswamy Layout,10,0.25
581,12.911583,77.564222,778250.0,1428750.0,778250.0,1428750.0,181,Kumaraswamy Layout,10,0.25
582,12.911538,77.568826,778750.0,1428750.0,778750.0,1428750.0,180,Banashankari Temple ward,10,0.25
583,12.911492,77.573431,779250.0,1428750.0,779250.0,1428750.0,179,Shakambari Nagar,10,0.25
584,12.911447,77.578035,779750.0,1428750.0,779750.0,1428750.0,179,Shakambari Nagar,10,0.25
585,12.911401,77.58264,780250.0,1428750.0,780250.0,1428750.0,179,Shakambari Nagar,10,0.25
586,12.911356,77.587244,780750.0,1428750.0,780750.0,1428750.0,177,J P Nagar,10,0.25
587,12.91131,77.591849,781250.0,1428750.0,781250.0,1428750.0,177,J P Nagar,10,0.25
588,12.911265,77.596453,781750.0,1428750.0,781750.0,1428750.0,177,J P Nagar,10,0.25
589,12.911219,77.601057,782250.0,1428750.0,782250.0,1428750.0,176,BTM Layout,11,0.25
590,12.911173,77.605662,782750.0,1428750.0,782750.0,1428750.0,176,BTM Layout,11,0.25
591,12.911127,77.610266,783250.0,1428750.0,783250.0,1428750.0,176,BTM Layout,11,0.25
592,12.911081,77.61487,783750.0,1428750.0,783750.0,1428750.0,176,BTM Layout,11,0.25
593,12.911035,77.619475,784250.0,1428750.0,784250.0,1428750.0,188,Bilekhalli,11,0.25
594,12.910988,77.624079,784750.0,1428750.0,784750.0,1428750.0,175,Bommanahalli,11,0.25
595,12.910942,77.628683,785250.0,1428750.0,785250.0,1428750.0,174,HSR Layout,11,0.25
596,12.910896,77.633288,785750.0,1428750.0,785750.0,1428750.0,174,HSR Layout,11,0.25
597,12.910849,77.637892,786250.0,1428750.0,786250.0,1428750.0,174,HSR Layout,11,0.25
598,12.910803,77.642496,786750.0,1428750.0,786750.0,1428750.0,174,HSR Layout,11,0.25
599,12.910756,77.6471,787250.0,1428750.0,787250.0,1428750.0,174,HSR Layout,11,0.25
600,12.910709,77.651704,787750.0,1428750.0,787750.0,1428750.0,174,HSR Layout,12,0.25
601,12.910663,77.656309,788250.0,1428750.0,788250.0,1428750.0,174,HSR Layout,12,0.25
602,12.910616,77.660913,788750.0,1428750.0,788750.0,1428750.0,150,Bellanduru,12,0.25
603,12.910569,77.665517,789250.0,1428750.0,789250.0,1428750.0,150,Bellanduru,12,0.25
604,12.910522,77.670121,789750.0,1428750.0,789750.0,1428750.0,150,Bellanduru,12,0.25
605,12.910475,77.674725,790250.0,1428750.0,790250.0,1428750.0,150,Bellanduru,12,0.25
606,12.910428,77.679329,790750.0,1428750.0,790750.0,1428750.0,150,Bellanduru,12,0.25
607,12.91038,77.683933,791250.0,1428750.0,791250.0,1428750.0,150,Bellanduru,12,0.25
608,12.910334,77.688537,791749.98,1428750.16,791750.0,1428750.0,150,Bellanduru,12,0.249843
609,12.910286,77.693141,792250.0,1428750.0,792250.0,1428750.0,150,Bellanduru,12,0.25
610,12.910238,77.697745,792750.0,1428750.0,792750.0,1428750.0,150,Bellanduru,12,0.25
611,12.91019,77.702349,793250.0,1428750.0,793250.0,1428750.0,150,Bellanduru,13,0.25
612,12.910154,77.706941,793748.66,1428751.2,793750.0,1428750.0,150,Bellanduru,13,0.24862
613,12.910785,77.711434,794235.76,1428826.18,794250.0,1428750.0,149,Varthuru,13,0.172141
614,12.911053,77.716151,794747.67,1428861.34,794750.0,1428750.0,149,Varthuru,13,0.137209
615,12.911272,77.721004,795274.4,1428891.19,795250.0,1428750.0,149,Varthuru,13,0.104941
616,12.910557,77.725387,795751.23,1428817.12,795750.0,1428750.0,149,Varthuru,13,0.173934
617,12.912164,77.727698,796000.36,1428997.69,796250.0,1428750.0,149,Varthuru,13,4e-06
618,12.915339,77.469509,767962.62,1429064.69,767750.0,1429250.0,159,Kengeri,8,0.010881
619,12.916866,77.472351,768269.48,1429236.68,768250.0,1429250.0,159,Kengeri,8,0.228384
620,12.916944,77.476777,768750.0,1429250.0,768750.0,1429250.0,159,Kengeri,8,0.25
621,12.916901,77.481382,769250.0,1429250.0,769250.0,1429250.0,159,Kengeri,8,0.25
622,12.916857,77.485987,769750.0,1429250.0,769750.0,1429250.0,159,Kengeri,8,0.25
623,12.916813,77.490592,770250.0,1429250.0,770250.0,1429250.0,198,Hemmigepura,8,0.25
624,12.916769,77.495197,770750.0,1429250.0,770750.0,1429250.0,198,Hemmigepura,8,0.25
625,12.916725,77.499802,771250.0,1429250.0,771250.0,1429250.0,198,Hemmigepura,8,0.25
626,12.916681,77.504407,771750.0,1429250.0,771750.0,1429250.0,198,Hemmigepura,9,0.25
627,12.916636,77.509011,772250.0,1429250.0,772250.0,1429250.0,198,Hemmigepura,9,0.25
628,12.916592,77.513616,772750.0,1429250.0,772750.0,1429250.0,160,Rajarajeshwari Nagar,9,0.25
629,12.916548,77.518221,773250.0,1429250.0,773250.0,1429250.0,160,Rajarajeshwari Nagar,9,0.25
630,12.916503,77.522826,773750.0,1429250.0,773750.0,1429250.0,160,Rajarajeshwari Nagar,9,0.25
631,12.916459,77.527431,774250.0,1429250.0,774250.0,1429250.0,160,Rajarajeshwari Nagar,9,0.25
632,12.916414,77.532035,774750.0,1429250.0,774750.0,1429250.0,184,Uttarahalli,9,0.25
633,12.91637,77.53664,775250.0,1429250.0,775250.0,1429250.0,184,Uttarahalli,9,0.25
634,12.916325,77.541245,775750.0,1429250.0,775750.0,1429250.0,184,Uttarahalli,9,0.25
635,12.91628,77.545849,776250.0,1429250.0,776250.0,1429250.0,184,Uttarahalli,9,0.25
636,12.916235,77.550454,776750.0,1429250.0,776750.0,1429250.0,183,Chikkalsandra,10,0.25
637,12.91619,77.555059,777250.0,1429250.0,777250.0,1429250.0,182,Padmanabha Nagar,10,0.25
638,12.916145,77.559663,777750.0,1429250.0,777750.0,1429250.0,182,Padmanabha Nagar,10,0.25
639,12.9161,77.564268,778250.0,1429250.0,778250.0,1429250.0,181,Kumaraswamy Layout,10,0.25
640,12.916054,77.568873,778750.0,1429250.0,778750.0,1429250.0,180,Banashankari Temple ward,10,0.25
641,12.916009,77.573477,779250.0,1429250.0,779250.0,1429250.0,180,Banashankari Temple ward,10,0.25
642,12.915964,77.578082,779750.0,1429250.0,779750.0,1429250.0,179,Shakambari Nagar,10,0.25
643,12.915918,77.582686,780250.0,1429250.0,780250.0,1429250.0,179,Shakambari Nagar,10,0.25
644,12.915873,77.587291,780750.0,1429250.0,780750.0,1429250.0,177,J P Nagar,10,0.25
645,12.915827,77.591895,781250.0,1429250.0,781250.0,1429250.0,177,J P Nagar,10,0.25
646,12.915781,77.5965,781750.0,1429250.0,781750.0,1429250.0,177,J P Nagar,10,0.25
647,12.915735,77.601104,782250.0,1429250.0,782250.0,1429250.0,176,BTM Layout,11,0.25
648,12.91569,77.605709,782750.0,1429250.0,782750.0,1429250.0,176,BTM Layout,11,0.25
649,12.915644,77.610313,783250.0,1429250.0,783250.0,1429250.0,176,BTM Layout,11,0.25
650,12.915597,77.614917,783750.0,1429250.0,783750.0,1429250.0,176,BTM Layout,11,0.25
651,12.915551,77.619522,784250.0,1429250.0,784250.0,1429250.0,176,BTM Layout,11,0.25
652,12.915505,77.624126,784750.0,1429250.0,784750.0,1429250.0,174,HSR Layout,11,0.25
653,12.915459,77.628731,785250.0,1429250.0,785250.0,1429250.0,174,HSR Layout,11,0.25
654,12.915412,77.633335,785750.0,1429250.0,785750.0,1429250.0,174,HSR Layout,11,0.25
655,12.915366,77.637939,786250.0,1429250.0,786250.0,1429250.0,174,HSR Layout,11,0.25
656,12.915319,77.642544,786750.0,1429250.0,786750.0,1429250.0,174,HSR Layout,11,0.25
657,12.915273,77.647148,787250.0,1429250.0,787250.0,1429250.0,174,HSR Layout,11,0.25
658,12.915226,77.651752,787750.0,1429250.0,787750.0,1429250.0,174,HSR Layout,12,0.25
659,12.915179,77.656356,788250.0,1429250.0,788250.0,1429250.0,174,HSR Layout,12,0.25
660,12.915132,77.660961,788750.0,1429250.0,788750.0,1429250.0,174,HSR Layout,12,0.25
661,12.915085,77.665565,789250.0,1429250.0,789250.0,1429250.0,150,Bellanduru,12,0.25
662,12.915038,77.670169,789750.0,1429250.0,789750.0,1429250.0,150,Bellanduru,12,0.25
663,12.914991,77.674773,790250.0,1429250.0,790250.0,1429250.0,150,Bellanduru,12,0.25
664,12.914944,77.679377,790750.0,1429250.0,790750.0,1429250.0,150,Bellanduru,12,0.25
665,12.914897,77.683982,791250.0,1429250.0,791250.0,1429250.0,150,Bellanduru,12,0.25
666,12.914849,77.688586,791750.0,1429250.0,791750.0,1429250.0,150,Bellanduru,12,0.25
667,12.914802,77.69319,792250.0,1429250.0,792250.0,1429250.0,150,Bellanduru,12,0.25
668,12.914754,77.697794,792750.0,1429250.0,792750.0,1429250.0,150,Bellanduru,12,0.25
669,12.914707,77.702398,793250.0,1429250.0,793250.0,1429250.0,150,Bellanduru,13,0.25
670,12.914659,77.707002,793750.0,1429250.0,793750.0,1429250.0,150,Bellanduru,13,0.25
671,12.914611,77.711606,794250.0,1429250.0,794250.0,1429250.0,149,Varthuru,13,0.25
672,12.914564,77.71621,794750.0,1429250.0,794750.0,1429250.0,149,Varthuru,13,0.25
673,12.914516,77.720814,795250.0,1429250.0,795250.0,1429250.0,149,Varthuru,13,0.25
674,12.914468,77.725418,795750.0,1429250.0,795750.0,1429250.0,149,Varthuru,13,0.25
675,12.915878,77.729586,796200.98,1429410.91,796250.0,1429250.0,149,Varthuru,13,0.06716
676,12.916275,77.734499,796733.92,1429460.62,796750.0,1429250.0,149,Varthuru,13,0.038898
677,12.916344,77.739073,797230.57,1429473.49,797250.0,1429250.0,149,Varthuru,13,0.026041
678,12.916397,77.743056,797662.99,1429484.0,797750.0,1429250.0,149,Varthuru,13,0.011218
679,12.921005,77.473049,768340.84,1429695.56,768250.0,1429750.0,159,Kengeri,8,0.127714
680,12.921363,77.476718,768738.86,1429738.98,768750.0,1429750.0,159,Kengeri,8,0.235933
681,12.921328,77.481485,769256.38,1429740.15,769250.0,1429750.0,159,Kengeri,8,0.23879
682,12.921374,77.486032,769750.0,1429750.0,769750.0,1429750.0,159,Kengeri,8,0.25
683,12.92133,77.490637,770250.0,1429750.0,770250.0,1429750.0,159,Kengeri,8,0.25
684,12.921286,77.495242,770750.0,1429750.0,770750.0,1429750.0,198,Hemmigepura,8,0.25
685,12.921242,77.499847,771250.0,1429750.0,771250.0,1429750.0,198,Hemmigepura,8,0.25
686,12.921198,77.504452,771750.0,1429750.0,771750.0,1429750.0,198,Hemmigepura,9,0.25
687,12.921154,77.509057,772250.0,1429750.0,772250.0,1429750.0,198,Hemmigepura,9,0.25
688,12.921109,77.513661,772750.0,1429750.0,772750.0,1429750.0,160,Rajarajeshwari Nagar,9,0.25
689,12.921065,77.518266,773250.0,1429750.0,773250.0,1429750.0,160,Rajarajeshwari Nagar,9,0.25
690,12.92102,77.522871,773750.0,1429750.0,773750.0,1429750.0,160,Rajarajeshwari Nagar,9,0.25
691,12.920976,77.527476,774250.0,1429750.0,774250.0,1429750.0,160,Rajarajeshwari Nagar,9,0.25
692,12.920931,77.532081,774750.0,1429750.0,774750.0,1429750.0,160,Rajarajeshwari Nagar,9,0.25
693,12.920887,77.536686,775250.0,1429750.0,775250.0,1429750.0,160,Rajarajeshwari Nagar,9,0.25
694,12.920842,77.54129,775750.0,1429750.0,775750.0,1429750.0,161,Hosakerehalli,9,0.25
695,12.920797,77.545895,776250.0,1429750.0,776250.0,1429750.0,183,Chikkalsandra,9,0.25
696,12.920752,77.5505,776750.0,1429750.0,776750.0,1429750.0,183,Chikkalsandra,10,0.25
697,12.920707,77.555105,777250.0,1429750.0,777250.0,1429750.0,182,Padmanabha Nagar,10,0.25
698,12.920662,77.559709,777750.0,1429750.0,777750.0,1429750.0,182,Padmanabha Nagar,10,0.25
699,12.920617,77.564314,778250.0,1429750.0,778250.0,1429750.0,165,Ganesh Mandir ward,10,0.25
700,12.920571,77.568919,778750.0,1429750.0,778750.0,1429750.0,165,Ganesh Mandir ward,10,0.25
701,12.920526,77.573523,779250.0,1429750.0,779250.0,1429750.0,166,Karisandra,10,0.25
702,12.920481,77.578128,779750.0,1429750.0,779750.0,1429750.0,179,Shakambari Nagar,10,0.25
703,12.920435,77.582733,780250.0,1429750.0,780250.0,1429750.0,179,Shakambari Nagar,10,0.25
704,12.920389,77.587337,780750.0,1429750.0,780750.0,1429750.0,168,Pattabhiram Nagar,10,0.25
705,12.920344,77.591942,781250.0,1429750.0,781250.0,1429750.0,168,Pattabhiram Nagar,10,0.25
706,12.920298,77.596546,781750.0,1429750.0,781750.0,1429750.0,170,Jayanagar East,10,0.25
707,12.920252,77.601151,782250.0,1429750.0,782250.0,1429750.0,170,Jayanagar East,11,0.25
708,12.920206,77.605755,782750.0,1429750.0,782750.0,1429750.0,171,Gurappanapalya,11,0.25
709,12.92016,77.61036,783250.0,1429750.0,783250.0,1429750.0,172,Madivala,11,0.25
710,12.920114,77.614964,783750.0,1429750.0,783750.0,1429750.0,172,Madivala,11,0.25
711,12.920068,77.619569,784250.0,1429750.0,784250.0,1429750.0,172,Madivala,11,0.25
712,12.920022,77.624173,784750.0,1429750.0,784750.0,1429750.0,173,Jakkasandra,11,0.25
713,12.919975,77.628778,785250.0,1429750.0,785250.0,1429750.0,173,Jakkasandra,11,0.25
714,12.919929,77.633382,785750.0,1429750.0,785750.0,1429750.0,173,Jakkasandra,11,0.25
715,12.919882,77.637987,786250.0,1429750.0,786250.0,1429750.0,173,Jakkasandra,11,0.25
716,12.919836,77.642591,786750.0,1429750.0,786750.0,1429750.0,174,HSR Layout,11,0.25
717,12.919789,77.647195,787250.0,1429750.0,787250.0,1429750.0,174,HSR Layout,11,0.25
718,12.919743,77.6518,787750.0,1429750.0,787750.0,1429750.0,174,HSR Layout,12,0.25
719,12.919696,77.656404,788250.0,1429750.0,788250.0,1429750.0,114,Agaram,12,0.25
720,12.919649,77.661008,788750.0,1429750.0,788750.0,1429750.0,114,Agaram,12,0.25
721,12.919602,77.665613,789250.0,1429750.0,789250.0,1429750.0,150,Bellanduru,12,0.25
722,12.919555,77.670217,789750.0,1429750.0,789750.0,1429750.0,150,Bellanduru,12,0.25
723,12.919508,77.674821,790250.0,1429750.0,790250.0,1429750.0,150,Bellanduru,12,0.25
724,12.91946,77.679426,790750.0,1429750.0,790750.0,1429750.0,150,Bellanduru,12,0.25
725,12.919413,77.68403,791250.0,1429750.0,791250.0,1429750.0,150,Bellanduru,12,0.25
726,12.919366,77.688634,791750.0,1429750.0,791750.0,1429750.0,150,Bellanduru,12,0.25
727,12.919318,77.693238,792250.0,1429750.0,792250.0,1429750.0,150,Bellanduru,12,0.25
728,12.919271,77.697842,792750.0,1429750.0,792750.0,1429750.0,150,Bellanduru,12,0.25
729,12.919223,77.702446,793250.0,1429750.0,793250.0,1429750.0,150,Bellanduru,13,0.25
730,12.919175,77.707051,793750.0,1429750.0,793750.0,1429750.0,149,Varthuru,13,0.25
731,12.919128,77.711655,794250.0,1429750.0,794250.0,1429750.0,149,Varthuru,13,0.25
732,12.91908,77.716259,794750.0,1429750.0,794750.0,1429750.0,149,Varthuru,13,0.25
733,12.919032,77.720863,795250.0,1429750.0,795250.0,1429750.0,149,Varthuru,13,0.25
734,12.918984,77.725467,795750.0,1429750.0,795750.0,1429750.0,149,Varthuru,13,0.25
735,12.918936,77.730071,796250.0,1429750.0,796250.0,1429750.0,149,Varthuru,13,0.25
736,12.918888,77.734675,796750.0,1429750.0,796750.0,1429750.0,149,Varthuru,13,0.25
737,12.918839,77.739279,797250.0,1429750.0,797250.0,1429750.0,149,Varthuru,13,0.25
738,12.918954,77.743608,797719.97,1429767.73,797750.0,1429750.0,149,Varthuru,13,0.216504
739,12.920603,77.746751,798059.28,1429953.9,798250.0,1429750.0,149,Varthuru,13,0.012296
740,12.923945,77.475719,768627.59,1430023.78,768750.0,1430250.0,159,Kengeri,8,0.011942
741,12.925613,77.482667,769380.16,1430215.61,769250.0,1430250.0,130,Ullalu,8,0.112881
742,12.925891,77.486077,769750.0,1430250.0,769750.0,1430250.0,159,Kengeri,8,0.25
743,12.925847,77.490682,770250.0,1430250.0,770250.0,1430250.0,130,Ullalu,8,0.25
744,12.925803,77.495287,770750.0,1430250.0,770750.0,1430250.0,130,Ullalu,8,0.25
745,12.925759,77.499892,771250.0,1430250.0,771250.0,1430250.0,198,Hemmigepura,8,0.25
746,12.925715,77.504497,771750.0,1430250.0,771750.0,1430250.0,198,Hemmigepura,9,0.25
747,12.925671,77.509102,772250.0,1430250.0,772250.0,1430250.0,160,Rajarajeshwari Nagar,9,0.25
748,12.925626,77.513707,772750.0,1430250.0,772750.0,1430250.0,160,Rajarajeshwari Nagar,9,0.25
749,12.925582,77.518312,773250.0,1430250.0,773250.0,1430250.0,160,Rajarajeshwari Nagar,9,0.25
750,12.925537,77.522917,773750.0,1430250.0,773750.0,1430250.0,160,Rajarajeshwari Nagar,9,0.25
751,12.925493,77.527521,774250.0,1430250.0,774250.0,1430250.0,160,Rajarajeshwari Nagar,9,0.25
752,12.925448,77.532126,774750.0,1430250.0,774750.0,1430250.0,160,Rajarajeshwari Nagar,9,0.25
753,12.925403,77.536731,775250.0,1430250.0,775250.0,1430250.0,161,Hosakerehalli,9,0.25
754,12.925359,77.541336,775750.0,1430250.0,775750.0,1430250.0,161,Hosakerehalli,9,0.25
755,12.925314,77.545941,776250.0,1430250.0,776250.0,1430250.0,183,Chikkalsandra,9,0.25
756,12.925269,77.550546,776750.0,1430250.0,776750.0,1430250.0,163,Katriguppe,10,0.25
757,12.925224,77.555151,777250.0,1430250.0,777250.0,1430250.0,165,Ganesh Mandir ward,10,0.25
758,12.925179,77.559755,777750.0,1430250.0,777750.0,1430250.0,165,Ganesh Mandir ward,10,0.25
759,12.925133,77.56436,778250.0,1430250.0,778250.0,1430250.0,165,Ganesh Mandir ward,10,0.25
760,12.925088,77.568965,778750.0,1430250.0,778750.0,1430250.0,165,Ganesh Mandir ward,10,0.25
761,12.925043,77.57357,779250.0,1430250.0,779250.0,1430250.0,166,Karisandra,10,0.25
762,12.924997,77.578174,779750.0,1430250.0,779750.0,1430250.0,166,Karisandra,10,0.25
763,12.924952,77.582779,780250.0,1430250.0,780250.0,1430250.0,168,Pattabhiram Nagar,10,0.25
764,12.924906,77.587384,780750.0,1430250.0,780750.0,1430250.0,168,Pattabhiram Nagar,10,0.25
765,12.92486,77.591988,781250.0,1430250.0,781250.0,1430250.0,168,Pattabhiram Nagar,10,0.25
766,12.924815,77.596593,781750.0,1430250.0,781750.0,1430250.0,168,Pattabhiram Nagar,10,0.25
767,12.924769,77.601198,782250.0,1430250.0,782250.0,1430250.0,171,Gurappanapalya,11,0.25
768,12.924723,77.605802,782750.0,1430250.0,782750.0,1430250.0,171,Gurappanapalya,11,0.25
769,12.924677,77.610407,783250.0,1430250.0,783250.0,1430250.0,172,Madivala,11,0.25
770,12.924631,77.615011,783750.0,1430250.0,783750.0,1430250.0,152,Suddagunte Palya,11,0.25
771,12.924585,77.619616,784250.0,1430250.0,784250.0,1430250.0,151,Koramangala,11,0.25
772,12.924538,77.624221,784750.0,1430250.0,784750.0,1430250.0,151,Koramangala,11,0.25
773,12.924492,77.628825,785250.0,1430250.0,785250.0,1430250.0,151,Koramangala,11,0.25
774,12.924446,77.63343,785750.0,1430250.0,785750.0,1430250.0,173,Jakkasandra,11,0.25
775,12.924399,77.638034,786250.0,1430250.0,786250.0,1430250.0,173,Jakkasandra,11,0.25
776,12.924352,77.642639,786750.0,1430250.0,786750.0,1430250.0,114,Agaram,11,0.25
777,12.924306,77.647243,787250.0,1430250.0,787250.0,1430250.0,174,HSR Layout,11,0.25
778,12.924259,77.651847,787750.0,1430250.0,787750.0,1430250.0,114,Agaram,12,0.25
779,12.924212,77.656452,788250.0,1430250.0,788250.0,1430250.0,114,Agaram,12,0.25
780,12.924165,77.661056,788750.0,1430250.0,788750.0,1430250.0,114,Agaram,12,0.25
781,12.924118,77.665661,789250.0,1430250.0,789250.0,1430250.0,174,HSR Layout,12,0.25
782,12.924071,77.670265,789750.0,1430250.0,789750.0,1430250.0,150,Bellanduru,12,0.25
783,12.924024,77.674869,790250.0,1430250.0,790250.0,1430250.0,150,Bellanduru,12,0.25
784,12.923977,77.679474,790750.0,1430250.0,790750.0,1430250.0,150,Bellanduru,12,0.25
785,12.92393,77.684078,791250.0,1430250.0,791250.0,1430250.0,150,Bellanduru,12,0.25
786,12.923882,77.688682,791750.0,1430250.0,791750.0,1430250.0,150,Bellanduru,12,0.25
787,12.923835,77.693287,792250.0,1430250.0,792250.0,1430250.0,150,Bellanduru,12,0.25
788,12.923787,77.697891,792750.0,1430250.0,792750.0,1430250.0,150,Bellanduru,12,0.25
789,12.923739,77.702495,793250.0,1430250.0,793250.0,1430250.0,150,Bellanduru,13,0.25
790,12.923692,77.707099,793750.0,1430250.0,793750.0,1430250.0,150,Bellanduru,13,0.25
791,12.923644,77.711703,794250.0,1430250.0,794250.0,1430250.0,149,Varthuru,13,0.25
792,12.923596,77.716308,794750.0,1430250.0,794750.0,1430250.0,149,Varthuru,13,0.25
793,12.923548,77.720912,795250.0,1430250.0,795250.0,1430250.0,149,Varthuru,13,0.25
794,12.9235,77.725516,795750.0,1430250.0,795750.0,1430250.0,149,Varthuru,13,0.25
795,12.923452,77.73012,796250.0,1430250.0,796250.0,1430250.0,149,Varthuru,13,0.25
796,12.923404,77.734724,796750.0,1430250.0,796750.0,1430250.0,149,Varthuru,13,0.25
797,12.923355,77.739328,797250.0,1430250.0,797250.0,1430250.0,149,Varthuru,13,0.25
798,12.923307,77.743932,797750.0,1430250.0,797750.0,1430250.0,149,Varthuru,13,0.25
799,12.923385,77.748474,798243.08,1430263.96,798250.0,1430250.0,149,Varthuru,13,0.235406
800,12.92384,77.751513,798572.56,1430317.8,798750.0,1430250.0,149,Varthuru,14,0.058341
801,12.929837,77.483523,769468.47,1430684.04,769250.0,1430750.0,130,Ullalu,8,0.019866
802,12.930408,77.486125,769750.37,1430749.98,769750.0,1430750.0,130,Ullalu,8,0.249624
803,12.930364,77.490726,770250.0,1430750.0,770250.0,1430750.0,130,Ullalu,8,0.25
804,12.93032,77.495332,770750.0,1430750.0,770750.0,1430750.0,130,Ullalu,8,0.25
805,12.930276,77.499937,771250.0,1430750.0,771250.0,1430750.0,129,Jnana Bharathi ward,8,0.25
806,12.930232,77.504542,771750.0,1430750.0,771750.0,1430750.0,129,Jnana Bharathi ward,9,0.25
807,12.930188,77.509147,772250.0,1430750.0,772250.0,1430750.0,198,Hemmigepura,9,0.25
808,12.930143,77.513752,772750.0,1430750.0,772750.0,1430750.0,160,Rajarajeshwari Nagar,9,0.25
809,12.930099,77.518357,773250.0,1430750.0,773250.0,1430750.0,160,Rajarajeshwari Nagar,9,0.25
810,12.930054,77.522962,773750.0,1430750.0,773750.0,1430750.0,160,Rajarajeshwari Nagar,9,0.25
811,12.93001,77.527567,774250.0,1430750.0,774250.0,1430750.0,160,Rajarajeshwari Nagar,9,0.25
812,12.929965,77.532172,774750.0,1430750.0,774750.0,1430750.0,160,Rajarajeshwari Nagar,9,0.25
813,12.92992,77.536777,775250.0,1430750.0,775250.0,1430750.0,161,Hosakerehalli,9,0.25
814,12.929876,77.541382,775750.0,1430750.0,775750.0,1430750.0,161,Hosakerehalli,9,0.25
815,12.929831,77.545987,776250.0,1430750.0,776250.0,1430750.0,162,Girinagar,9,0.25
816,12.929786,77.550592,776750.0,1430750.0,776750.0,1430750.0,163,Katriguppe,10,0.25
817,12.929741,77.555197,777250.0,1430750.0,777250.0,1430750.0,164,Vidyapeeta ward,10,0.25
818,12.929695,77.559801,777750.0,1430750.0,777750.0,1430750.0,164,Vidyapeeta ward,10,0.25
819,12.92965,77.564406,778250.0,1430750.0,778250.0,1430750.0,165,Ganesh Mandir ward,10,0.25
820,12.929605,77.569011,778750.0,1430750.0,778750.0,1430750.0,165,Ganesh Mandir ward,10,0.25
821,12.92956,77.573616,779250.0,1430750.0,779250.0,1430750.0,167,Yediyur,10,0.25
822,12.929514,77.578221,779750.0,1430750.0,779750.0,1430750.0,166,Karisandra,10,0.25
823,12.929469,77.582826,780250.0,1430750.0,780250.0,1430750.0,168,Pattabhiram Nagar,10,0.25
824,12.929423,77.58743,780750.0,1430750.0,780750.0,1430750.0,169,Byrasandra,10,0.25
825,12.929377,77.592035,781250.0,1430750.0,781250.0,1430750.0,169,Byrasandra,10,0.25
826,12.929331,77.59664,781750.0,1430750.0,781750.0,1430750.0,153,Jayanagar,10,0.25
827,12.929286,77.601244,782250.0,1430750.0,782250.0,1430750.0,152,Suddagunte Palya,11,0.25
828,12.92924,77.605849,782750.0,1430750.0,782750.0,1430750.0,152,Suddagunte Palya,11,0.25
829,12.929194,77.610454,783250.0,1430750.0,783250.0,1430750.0,152,Suddagunte Palya,11,0.25
830,12.929147,77.615059,783750.0,1430750.0,783750.0,1430750.0,152,Suddagunte Palya,11,0.25
831,12.929101,77.619663,784250.0,1430750.0,784250.0,1430750.0,151,Koramangala,11,0.25
832,12.929055,77.624268,784750.0,1430750.0,784750.0,1430750.0,151,Koramangala,11,0.25
833,12.929009,77.628872,785250.0,1430750.0,785250.0,1430750.0,151,Koramangala,11,0.25
834,12.928962,77.633477,785750.0,1430750.0,785750.0,1430750.0,151,Koramangala,11,0.25
835,12.928916,77.638082,786250.0,1430750.0,786250.0,1430750.0,151,Koramangala,11,0.25
836,12.928869,77.642686,786750.0,1430750.0,786750.0,1430750.0,114,Agaram,11,0.25
837,12.928822,77.647291,787250.0,1430750.0,787250.0,1430750.0,114,Agaram,11,0.25
838,12.928776,77.651895,787750.0,1430750.0,787750.0,1430750.0,114,Agaram,12,0.25
839,12.928729,77.6565,788250.0,1430750.0,788250.0,1430750.0,114,Agaram,12,0.25
840,12.928682,77.661104,788750.0,1430750.0,788750.0,1430750.0,114,Agaram,12,0.25
841,12.928635,77.665709,789250.0,1430750.0,789250.0,1430750.0,174,HSR Layout,12,0.25
842,12.928588,77.670313,789750.0,1430750.0,789750.0,1430750.0,150,Bellanduru,12,0.25
843,12.928541,77.674918,790250.0,1430750.0,790250.0,1430750.0,150,Bellanduru,12,0.25
844,12.928493,77.679522,790750.0,1430750.0,790750.0,1430750.0,150,Bellanduru,12,0.25
845,12.928446,77.684126,791250.0,1430750.0,791250.0,1430750.0,150,Bellanduru,12,0.25
846,12.928399,77.688731,791750.0,1430750.0,791750.0,1430750.0,150,Bellanduru,12,0.25
847,12.928351,77.693335,792250.0,1430750.0,792250.0,1430750.0,150,Bellanduru,12,0.25
848,12.928303,77.697939,792750.0,1430750.0,792750.0,1430750.0,150,Bellanduru,12,0.25
849,12.928256,77.702544,793250.0,1430750.0,793250.0,1430750.0,150,Bellanduru,13,0.25
850,12.928208,77.707148,793750.0,1430750.0,793750.0,1430750.0,150,Bellanduru,13,0.25
851,12.92816,77.711752,794250.0,1430750.0,794250.0,1430750.0,149,Varthuru,13,0.25
852,12.928112,77.716357,794750.0,1430750.0,794750.0,1430750.0,149,Varthuru,13,0.25
853,12.928064,77.720961,795250.0,1430750.0,795250.0,1430750.0,149,Varthuru,13,0.25
854,12.928016,77.725565,795750.0,1430750.0,795750.0,1430750.0,149,Varthuru,13,0.25
855,12.927968,77.730169,796250.0,1430750.0,796250.0,1430750.0,149,Varthuru,13,0.25
856,12.92792,77.734773,796750.0,1430750.0,796750.0,1430750.0,149,Varthuru,13,0.25
857,12.927872,77.739378,797250.0,1430750.0,797250.0,1430750.0,149,Varthuru,13,0.25
858,12.927823,77.743982,797750.0,1430750.0,797750.0,1430750.0,149,Varthuru,13,0.25
859,12.927775,77.748586,798250.0,1430750.0,798250.0,1430750.0,149,Varthuru,13,0.25
860,12.927805,77.753134,798743.84,1430758.62,798750.0,1430750.0,149,Varthuru,14,0.240848
861,12.928339,77.757601,799228.24,1430823.03,799250.0,1430750.0,149,Varthuru,14,0.173023
862,12.929061,77.762114,799717.41,1430908.17,799750.0,1430750.0,149,Varthuru,14,0.08731
863,12.929544,77.764817,800010.33,1430964.81,800250.0,1430750.0,149,Varthuru,14,0.001636
864,12.937124,77.478964,768965.73,1431485.81,768750.0,1431250.0,130,Ullalu,8,0.002175
865,12.935603,77.481416,769233.56,1431320.05,769250.0,1431250.0,130,Ullalu,8,0.007536
866,12.934869,77.486254,769759.59,1431243.85,769750.0,1431250.0,130,Ullalu,8,0.239928
867,12.934881,77.490771,770250.0,1431250.0,770250.0,1431250.0,130,Ullalu,8,0.25
868,12.934837,77.495377,770750.0,1431250.0,770750.0,1431250.0,130,Ullalu,8,0.25
869,12.934793,77.499982,771250.0,1431250.0,771250.0,1431250.0,129,Jnana Bharathi ward,8,0.25
870,12.934749,77.504587,771750.0,1431250.0,771750.0,1431250.0,129,Jnana Bharathi ward,9,0.25
871,12.934705,77.509192,772250.0,1431250.0,772250.0,1431250.0,129,Jnana Bharathi ward,9,0.25
872,12.93466,77.513797,772750.0,1431250.0,772750.0,1431250.0,160,Rajarajeshwari Nagar,9,0.25
873,12.934616,77.518402,773250.0,1431250.0,773250.0,1431250.0,160,Rajarajeshwari Nagar,9,0.25
874,12.934571,77.523007,773750.0,1431250.0,773750.0,1431250.0,160,Rajarajeshwari Nagar,9,0.25
875,12.934527,77.527612,774250.0,1431250.0,774250.0,1431250.0,160,Rajarajeshwari Nagar,9,0.25
876,12.934482,77.532217,774750.0,1431250.0,774750.0,1431250.0,160,Rajarajeshwari Nagar,9,0.25
877,12.934437,77.536823,775250.0,1431250.0,775250.0,1431250.0,161,Hosakerehalli,9,0.25
878,12.934392,77.541428,775750.0,1431250.0,775750.0,1431250.0,162,Girinagar,9,0.25
879,12.934348,77.546033,776250.0,1431250.0,776250.0,1431250.0,162,Girinagar,9,0.25
880,12.934303,77.550638,776750.0,1431250.0,776750.0,1431250.0,163,Katriguppe,10,0.25
881,12.934257,77.555243,777250.0,1431250.0,777250.0,1431250.0,163,Katriguppe,10,0.25
882,12.934212,77.559847,777750.0,1431250.0,777750.0,1431250.0,164,Vidyapeeta ward,10,0.25
883,12.934167,77.564452,778250.0,1431250.0,778250.0,1431250.0,154,Basavanagudi,10,0.25
884,12.934122,77.569057,778750.0,1431250.0,778750.0,1431250.0,154,Basavanagudi,10,0.25
885,12.934076,77.573662,779250.0,1431250.0,779250.0,1431250.0,167,Yediyur,10,0.25
886,12.934031,77.578267,779750.0,1431250.0,779750.0,1431250.0,167,Yediyur,10,0.25
887,12.933985,77.582872,780250.0,1431250.0,780250.0,1431250.0,167,Yediyur,10,0.25
888,12.93394,77.587477,780750.0,1431250.0,780750.0,1431250.0,169,Byrasandra,10,0.25
889,12.933894,77.592082,781250.0,1431250.0,781250.0,1431250.0,169,Byrasandra,10,0.25
890,12.933848,77.596687,781750.0,1431250.0,781750.0,1431250.0,153,Jayanagar,10,0.25
891,12.933802,77.601291,782250.0,1431250.0,782250.0,1431250.0,152,Suddagunte Palya,11,0.25
892,12.933756,77.605896,782750.0,1431250.0,782750.0,1431250.0,152,Suddagunte Palya,11,0.25
893,12.93371,77.610501,783250.0,1431250.0,783250.0,1431250.0,152,Suddagunte Palya,11,0.25
894,12.933664,77.615106,783750.0,1431250.0,783750.0,1431250.0,151,Koramangala,11,0.25
895,12.933618,77.61971,784250.0,1431250.0,784250.0,1431250.0,151,Koramangala,11,0.25
896,12.933572,77.624315,784750.0,1431250.0,784750.0,1431250.0,151,Koramangala,11,0.25
897,12.933525,77.62892,785250.0,1431250.0,785250.0,1431250.0,151,Koramangala,11,0.25
898,12.933479,77.633524,785750.0,1431250.0,785750.0,1431250.0,148,Ejipura,11,0.25
899,12.933432,77.638129,786250.0,1431250.0,786250.0,1431250.0,114,Agaram,11,0.25
900,12.933386,77.642734,786750.0,1431250.0,786750.0,1431250.0,114,Agaram,11,0.25
901,12.933339,77.647338,787250.0,1431250.0,787250.0,1431250.0,114,Agaram,11,0.25
902,12.933292,77.651943,787750.0,1431250.0,787750.0,1431250.0,114,Agaram,12,0.25
903,12.933245,77.656547,788250.0,1431250.0,788250.0,1431250.0,114,Agaram,12,0.25
904,12.933198,77.661152,788750.0,1431250.0,788750.0,1431250.0,150,Bellanduru,12,0.25
905,12.933151,77.665757,789250.0,1431250.0,789250.0,1431250.0,150,Bellanduru,12,0.25
906,12.933104,77.670361,789750.0,1431250.0,789750.0,1431250.0,150,Bellanduru,12,0.25
907,12.933057,77.674966,790250.0,1431250.0,790250.0,1431250.0,150,Bellanduru,12,0.25
908,12.93301,77.67957,790750.0,1431250.0,790750.0,1431250.0,150,Bellanduru,12,0.25
909,12.932962,77.684175,791250.0,1431250.0,791250.0,1431250.0,150,Bellanduru,12,0.25
910,12.932915,77.688779,791750.0,1431250.0,791750.0,1431250.0,150,Bellanduru,12,0.25
911,12.932867,77.693384,792250.0,1431250.0,792250.0,1431250.0,150,Bellanduru,12,0.25
912,12.93282,77.697988,792750.0,1431250.0,792750.0,1431250.0,150,Bellanduru,12,0.25
913,12.932772,77.702592,793250.0,1431250.0,793250.0,1431250.0,150,Bellanduru,13,0.25
914,12.932724,77.707197,793750.0,1431250.0,793750.0,1431250.0,149,Varthuru,13,0.25
915,12.932677,77.711801,794250.0,1431250.0,794250.0,1431250.0,149,Varthuru,13,0.25
916,12.932629,77.716405,794750.0,1431250.0,794750.0,1431250.0,149,Varthuru,13,0.25
917,12.932581,77.72101,795250.0,1431250.0,795250.0,1431250.0,149,Varthuru,13,0.25
918,12.932533,77.725614,795750.0,1431250.0,795750.0,1431250.0,149,Varthuru,13,0.25
919,12.932484,77.730218,796250.0,1431250.0,796250.0,1431250.0,149,Varthuru,13,0.25
920,12.932436,77.734823,796750.0,1431250.0,796750.0,1431250.0,149,Varthuru,13,0.25
921,12.932388,77.739427,797250.0,1431250.0,797250.0,1431250.0,149,Varthuru,13,0.25
922,12.932339,77.744031,797750.0,1431250.0,797750.0,1431250.0,149,Varthuru,13,0.25
923,12.932291,77.748635,798250.0,1431250.0,798250.0,1431250.0,149,Varthuru,13,0.25
924,12.932242,77.75324,798750.0,1431250.0,798750.0,1431250.0,149,Varthuru,14,0.25
925,12.932194,77.757844,799250.0,1431250.0,799250.0,1431250.0,149,Varthuru,14,0.25
926,12.932145,77.762448,799750.0,1431250.0,799750.0,1431250.0,149,Varthuru,14,0.25
927,12.932497,77.765194,800047.82,1431292.15,800250.0,1431250.0,149,Varthuru,14,0.043672
928,12.940926,77.473778,768398.71,1431901.1,768250.0,1431750.0,130,Ullalu,8,0.040494
929,12.939894,77.47729,768781.11,1431790.6,768750.0,1431750.0,130,Ullalu,8,0.199733
930,12.939602,77.481547,769243.53,1431762.82,769250.0,1431750.0,130,Ullalu,8,0.236558
931,12.939465,77.486233,769752.43,1431752.57,769750.0,1431750.0,130,Ullalu,8,0.247226
932,12.939398,77.490816,770250.0,1431750.0,770250.0,1431750.0,130,Ullalu,8,0.25
933,12.939354,77.495421,770750.0,1431750.0,770750.0,1431750.0,130,Ullalu,8,0.25
934,12.93931,77.500027,771250.0,1431750.0,771250.0,1431750.0,129,Jnana Bharathi ward,9,0.25
935,12.939266,77.504632,771750.0,1431750.0,771750.0,1431750.0,129,Jnana Bharathi ward,9,0.25
936,12.939222,77.509237,772250.0,1431750.0,772250.0,1431750.0,129,Jnana Bharathi ward,9,0.25
937,12.939177,77.513842,772750.0,1431750.0,772750.0,1431750.0,129,Jnana Bharathi ward,9,0.25
938,12.939133,77.518448,773250.0,1431750.0,773250.0,1431750.0,131,Nayandahalli,9,0.25
939,12.939088,77.523053,773750.0,1431750.0,773750.0,1431750.0,160,Rajarajeshwari Nagar,9,0.25
940,12.939044,77.527658,774250.0,1431750.0,774250.0,1431750.0,160,Rajarajeshwari Nagar,9,0.25
941,12.938999,77.532263,774750.0,1431750.0,774750.0,1431750.0,160,Rajarajeshwari Nagar,9,0.25
942,12.938954,77.536868,775250.0,1431750.0,775250.0,1431750.0,158,Deepanjali Nagar,9,0.25
943,12.938909,77.541473,775750.0,1431750.0,775750.0,1431750.0,162,Girinagar,9,0.25
944,12.938864,77.546078,776250.0,1431750.0,776250.0,1431750.0,162,Girinagar,9,0.25
945,12.938819,77.550683,776750.0,1431750.0,776750.0,1431750.0,162,Girinagar,10,0.25
946,12.938774,77.555289,777250.0,1431750.0,777250.0,1431750.0,156,Srinagar,10,0.25
947,12.938729,77.559894,777750.0,1431750.0,777750.0,1431750.0,164,Vidyapeeta ward,10,0.25
948,12.938684,77.564499,778250.0,1431750.0,778250.0,1431750.0,164,Vidyapeeta ward,10,0.25
949,12.938639,77.569104,778750.0,1431750.0,778750.0,1431750.0,154,Basavanagudi,10,0.25
950,12.938593,77.573709,779250.0,1431750.0,779250.0,1431750.0,154,Basavanagudi,10,0.25
951,12.938548,77.578314,779750.0,1431750.0,779750.0,1431750.0,167,Yediyur,10,0.25
952,12.938502,77.582919,780250.0,1431750.0,780250.0,1431750.0,153,Jayanagar,10,0.25
953,12.938456,77.587523,780750.0,1431750.0,780750.0,1431750.0,153,Jayanagar,10,0.25
954,12.938411,77.592128,781250.0,1431750.0,781250.0,1431750.0,153,Jayanagar,10,0.25
955,12.938365,77.596733,781750.0,1431750.0,781750.0,1431750.0,153,Jayanagar,10,0.25
956,12.938319,77.601338,782250.0,1431750.0,782250.0,1431750.0,146,Lakkasandra,11,0.25
957,12.938273,77.605943,782750.0,1431750.0,782750.0,1431750.0,146,Lakkasandra,11,0.25
958,12.938227,77.610548,783250.0,1431750.0,783250.0,1431750.0,147,Adugodi,11,0.25
959,12.938181,77.615153,783750.0,1431750.0,783750.0,1431750.0,147,Adugodi,11,0.25
960,12.938134,77.619757,784250.0,1431750.0,784250.0,1431750.0,151,Koramangala,11,0.25
961,12.938088,77.624362,784750.0,1431750.0,784750.0,1431750.0,151,Koramangala,11,0.25
962,12.938042,77.628967,785250.0,1431750.0,785250.0,1431750.0,148,Ejipura,11,0.25
963,12.937995,77.633572,785750.0,1431750.0,785750.0,1431750.0,114,Agaram,11,0.25
964,12.937949,77.638177,786250.0,1431750.0,786250.0,1431750.0,114,Agaram,11,0.25
965,12.937902,77.642781,786750.0,1431750.0,786750.0,1431750.0,114,Agaram,11,0.25
966,12.937855,77.647386,787250.0,1431750.0,787250.0,1431750.0,114,Agaram,11,0.25
967,12.937809,77.651991,787750.0,1431750.0,787750.0,1431750.0,114,Agaram,12,0.25
968,12.937762,77.656595,788250.0,1431750.0,788250.0,1431750.0,114,Agaram,12,0.25
969,12.937715,77.6612,788750.0,1431750.0,788750.0,1431750.0,150,Bellanduru,12,0.25
970,12.937668,77.665805,789250.0,1431750.0,789250.0,1431750.0,150,Bellanduru,12,0.25
971,12.937621,77.670409,789750.0,1431750.0,789750.0,1431750.0,150,Bellanduru,12,0.25
972,12.937573,77.675014,790250.0,1431750.0,790250.0,1431750.0,150,Bellanduru,12,0.25
973,12.937526,77.679618,790750.0,1431750.0,790750.0,1431750.0,150,Bellanduru,12,0.25
974,12.937479,77.684223,791250.0,1431750.0,791250.0,1431750.0,150,Bellanduru,12,0.25
975,12.937431,77.688827,791750.0,1431750.0,791750.0,1431750.0,150,Bellanduru,12,0.25
976,12.937384,77.693432,792250.0,1431750.0,792250.0,1431750.0,150,Bellanduru,12,0.25
977,12.937336,77.698036,792750.0,1431750.0,792750.0,1431750.0,150,Bellanduru,12,0.25
978,12.937288,77.702641,793250.0,1431750.0,793250.0,1431750.0,149,Varthuru,13,0.25
979,12.937241,77.707245,793750.0,1431750.0,793750.0,1431750.0,149,Varthuru,13,0.25
980,12.937193,77.71185,794250.0,1431750.0,794250.0,1431750.0,149,Varthuru,13,0.25
981,12.937145,77.716454,794750.0,1431750.0,794750.0,1431750.0,149,Varthuru,13,0.25
982,12.937097,77.721059,795250.0,1431750.0,795250.0,1431750.0,149,Varthuru,13,0.25
983,12.937049,77.725663,795750.0,1431750.0,795750.0,1431750.0,149,Varthuru,13,0.25
984,12.937001,77.730267,796250.0,1431750.0,796250.0,1431750.0,149,Varthuru,13,0.25
985,12.936952,77.734872,796750.0,1431750.0,796750.0,1431750.0,149,Varthuru,13,0.25
986,12.936904,77.739476,797250.0,1431750.0,797250.0,1431750.0,149,Varthuru,13,0.25
987,12.936856,77.74408,797750.0,1431750.0,797750.0,1431750.0,149,Varthuru,13,0.25
988,12.936807,77.748685,798250.0,1431750.0,798250.0,1431750.0,149,Varthuru,13,0.25
989,12.936758,77.753289,798750.0,1431750.0,798750.0,1431750.0,149,Varthuru,14,0.25
990,12.93671,77.757893,799250.0,1431750.0,799250.0,1431750.0,149,Varthuru,14,0.25
991,12.936661,77.762498,799750.0,1431750.0,799750.0,1431750.0,149,Varthuru,14,0.25
992,12.936198,77.765349,800060.15,1431702.12,800250.0,1431750.0,149,Varthuru,14,0.053301
993,12.942508,77.47421,768443.9,1432076.7,768250.0,1432250.0,130,Ullalu,8,0.019194
994,12.943992,77.477117,768757.93,1432244.02,768750.0,1432250.0,130,Ullalu,8,0.241535
995,12.944003,77.48165,769250.0,1432250.0,769250.0,1432250.0,130,Ullalu,8,0.25
996,12.943959,77.486256,769750.0,1432250.0,769750.0,1432250.0,130,Ullalu,8,0.25
997,12.943915,77.490861,770250.0,1432250.0,770250.0,1432250.0,130,Ullalu,8,0.25
998,12.943871,77.495466,770750.0,1432250.0,770750.0,1432250.0,130,Ullalu,8,0.25
999,12.943827,77.500072,771250.0,1432250.0,771250.0,1432250.0,129,Jnana Bharathi ward,9,0.25
1000,12.943783,77.504677,771750.0,1432250.0,771750.0,1432250.0,129,Jnana Bharathi ward,9,0.25
1001,12.943739,77.509282,772250.0,1432250.0,772250.0,1432250.0,129,Jnana Bharathi ward,9,0.25
1002,12.943694,77.513888,772750.0,1432250.0,772750.0,1432250.0,129,Jnana Bharathi ward,9,0.25
1003,12.94365,77.518493,773250.0,1432250.0,773250.0,1432250.0,131,Nayandahalli,9,0.25
1004,12.943605,77.523098,773750.0,1432250.0,773750.0,1432250.0,131,Nayandahalli,9,0.25
1005,12.943561,77.527703,774250.0,1432250.0,774250.0,1432250.0,160,Rajarajeshwari Nagar,9,0.25
1006,12.943516,77.532309,774750.0,1432250.0,774750.0,1432250.0,158,Deepanjali Nagar,9,0.25
1007,12.943471,77.536914,775250.0,1432250.0,775250.0,1432250.0,158,Deepanjali Nagar,9,0.25
1008,12.943426,77.541519,775750.0,1432250.0,775750.0,1432250.0,158,Deepanjali Nagar,9,0.25
1009,12.943381,77.546124,776250.0,1432250.0,776250.0,1432250.0,158,Deepanjali Nagar,9,0.25
1010,12.943336,77.550729,776750.0,1432250.0,776750.0,1432250.0,162,Girinagar,10,0.25
1011,12.943291,77.555335,777250.0,1432250.0,777250.0,1432250.0,156,Srinagar,10,0.25
1012,12.943246,77.55994,777750.0,1432250.0,777750.0,1432250.0,155,Hanumanth Nagar,10,0.25
1013,12.943201,77.564545,778250.0,1432250.0,778250.0,1432250.0,142,Sunkenahalli,10,0.25
1014,12.943155,77.56915,778750.0,1432250.0,778750.0,1432250.0,154,Basavanagudi,10,0.25
1015,12.94311,77.573755,779250.0,1432250.0,779250.0,1432250.0,154,Basavanagudi,10,0.25
1016,12.943064,77.57836,779750.0,1432250.0,779750.0,1432250.0,153,Jayanagar,10,0.25
1017,12.943019,77.582965,780250.0,1432250.0,780250.0,1432250.0,153,Jayanagar,10,0.25
1018,12.942973,77.58757,780750.0,1432250.0,780750.0,1432250.0,153,Jayanagar,10,0.25
1019,12.942927,77.592175,781250.0,1432250.0,781250.0,1432250.0,144,Siddapura,10,0.25
1020,12.942882,77.59678,781750.0,1432250.0,781750.0,1432250.0,144,Siddapura,10,0.25
1021,12.942836,77.601385,782250.0,1432250.0,782250.0,1432250.0,145,Hombegowda Nagara,11,0.25
1022,12.94279,77.60599,782750.0,1432250.0,782750.0,1432250.0,146,Lakkasandra,11,0.25
1023,12.942743,77.610595,783250.0,1432250.0,783250.0,1432250.0,147,Adugodi,11,0.25
1024,12.942697,77.6152,783750.0,1432250.0,783750.0,1432250.0,147,Adugodi,11,0.25
1025,12.942651,77.619805,784250.0,1432250.0,784250.0,1432250.0,151,Koramangala,11,0.25
1026,12.942605,77.62441,784750.0,1432250.0,784750.0,1432250.0,148,Ejipura,11,0.25
1027,12.942558,77.629014,785250.0,1432250.0,785250.0,1432250.0,148,Ejipura,11,0.25
1028,12.942512,77.633619,785750.0,1432250.0,785750.0,1432250.0,114,Agaram,11,0.25
1029,12.942465,77.638224,786250.0,1432250.0,786250.0,1432250.0,114,Agaram,11,0.25
1030,12.942419,77.642829,786750.0,1432250.0,786750.0,1432250.0,114,Agaram,11,0.25
1031,12.942372,77.647434,787250.0,1432250.0,787250.0,1432250.0,114,Agaram,11,0.25
1032,12.942325,77.652038,787750.0,1432250.0,787750.0,1432250.0,150,Bellanduru,12,0.25
1033,12.942278,77.656643,788250.0,1432250.0,788250.0,1432250.0,150,Bellanduru,12,0.25
1034,12.942231,77.661248,788750.0,1432250.0,788750.0,1432250.0,150,Bellanduru,12,0.25
1035,12.942184,77.665853,789250.0,1432250.0,789250.0,1432250.0,150,Bellanduru,12,0.25
1036,12.942137,77.670457,789750.0,1432250.0,789750.0,1432250.0,150,Bellanduru,12,0.25
1037,12.94209,77.675062,790250.0,1432250.0,790250.0,1432250.0,150,Bellanduru,12,0.25
1038,12.942042,77.679667,790750.0,1432250.0,790750.0,1432250.0,150,Bellanduru,12,0.25
1039,12.941995,77.684271,791250.0,1432250.0,791250.0,1432250.0,86,Marathahalli,12,0.25
1040,12.941948,77.688876,791750.0,1432250.0,791750.0,1432250.0,86,Marathahalli,12,0.25
1041,12.9419,77.693481,792250.0,1432250.0,792250.0,1432250.0,150,Bellanduru,12,0.25
1042,12.941852,77.698085,792750.0,1432250.0,792750.0,1432250.0,150,Bellanduru,12,0.25
1043,12.941805,77.70269,793250.0,1432250.0,793250.0,1432250.0,149,Varthuru,13,0.25
1044,12.941757,77.707294,793750.0,1432250.0,793750.0,1432250.0,149,Varthuru,13,0.25
1045,12.941709,77.711899,794250.0,1432250.0,794250.0,1432250.0,149,Varthuru,13,0.25
1046,12.941661,77.716503,794750.0,1432250.0,794750.0,1432250.0,149,Varthuru,13,0.25
1047,12.941613,77.721108,795250.0,1432250.0,795250.0,1432250.0,149,Varthuru,13,0.25
1048,12.941565,77.725712,795750.0,1432250.0,795750.0,1432250.0,149,Varthuru,13,0.25
1049,12.941517,77.730317,796250.0,1432250.0,796250.0,1432250.0,149,Varthuru,13,0.25
1050,12.941469,77.734921,796750.0,1432250.0,796750.0,1432250.0,149,Varthuru,13,0.25
1051,12.94142,77.739526,797250.0,1432250.0,797250.0,1432250.0,149,Varthuru,13,0.25
1052,12.941372,77.74413,797750.0,1432250.0,797750.0,1432250.0,149,Varthuru,13,0.25
1053,12.941323,77.748734,798250.0,1432250.0,798250.0,1432250.0,149,Varthuru,13,0.25
1054,12.941275,77.753339,798750.0,1432250.0,798750.0,1432250.0,149,Varthuru,14,0.25
1055,12.941226,77.757943,799250.0,1432250.0,799250.0,1432250.0,149,Varthuru,14,0.25
1056,12.941177,77.762547,799750.0,1432250.0,799750.0,1432250.0,149,Varthuru,14,0.25
1057,12.941047,77.765105,800027.9,1432238.59,800250.0,1432250.0,149,Varthuru,14,0.027686
1058,12.950075,77.4732,768326.17,1432913.13,768250.0,1432750.0,130,Ullalu,15,0.060789
1059,12.948682,77.477344,768777.49,1432763.28,768750.0,1432750.0,130,Ullalu,8,0.218948
1060,12.94852,77.481695,769250.0,1432750.0,769250.0,1432750.0,130,Ullalu,8,0.25
1061,12.948476,77.4863,769750.0,1432750.0,769750.0,1432750.0,130,Ullalu,8,0.25
1062,12.948432,77.490906,770250.0,1432750.0,770250.0,1432750.0,129,Jnana Bharathi ward,8,0.25
1063,12.948388,77.495511,770750.0,1432750.0,770750.0,1432750.0,129,Jnana Bharathi ward,8,0.25
1064,12.948344,77.500117,771250.0,1432750.0,771250.0,1432750.0,129,Jnana Bharathi ward,9,0.25
1065,12.9483,77.504722,771750.0,1432750.0,771750.0,1432750.0,129,Jnana Bharathi ward,9,0.25
1066,12.948256,77.509328,772250.0,1432750.0,772250.0,1432750.0,129,Jnana Bharathi ward,9,0.25
1067,12.948211,77.513933,772750.0,1432750.0,772750.0,1432750.0,131,Nayandahalli,9,0.25
1068,12.948167,77.518538,773250.0,1432750.0,773250.0,1432750.0,131,Nayandahalli,9,0.25
1069,12.948122,77.523144,773750.0,1432750.0,773750.0,1432750.0,131,Nayandahalli,9,0.25
1070,12.948078,77.527749,774250.0,1432750.0,774250.0,1432750.0,158,Deepanjali Nagar,9,0.25
1071,12.948033,77.532354,774750.0,1432750.0,774750.0,1432750.0,158,Deepanjali Nagar,9,0.25
1072,12.947988,77.53696,775250.0,1432750.0,775250.0,1432750.0,158,Deepanjali Nagar,9,0.25
1073,12.947943,77.541565,775750.0,1432750.0,775750.0,1432750.0,157,Gali Anjenaya Temple ward,9,0.25
1074,12.947898,77.54617,776250.0,1432750.0,776250.0,1432750.0,157,Gali Anjenaya Temple ward,9,0.25
1075,12.947853,77.550775,776750.0,1432750.0,776750.0,1432750.0,156,Srinagar,10,0.25
1076,12.947808,77.555381,777250.0,1432750.0,777250.0,1432750.0,155,Hanumanth Nagar,10,0.25
1077,12.947763,77.559986,777750.0,1432750.0,777750.0,1432750.0,155,Hanumanth Nagar,10,0.25
1078,12.947718,77.564591,778250.0,1432750.0,778250.0,1432750.0,142,Sunkenahalli,10,0.25
1079,12.947672,77.569196,778750.0,1432750.0,778750.0,1432750.0,142,Sunkenahalli,10,0.25
1080,12.947627,77.573801,779250.0,1432750.0,779250.0,1432750.0,143,Vishveshwara Puram,10,0.25
1081,12.947581,77.578406,779750.0,1432750.0,779750.0,1432750.0,143,Vishveshwara Puram,10,0.25
1082,12.947536,77.583012,780250.0,1432750.0,780250.0,1432750.0,143,Vishveshwara Puram,10,0.25
1083,12.94749,77.587617,780750.0,1432750.0,780750.0,1432750.0,143,Vishveshwara Puram,10,0.25
1084,12.947444,77.592222,781250.0,1432750.0,781250.0,1432750.0,144,Siddapura,10,0.25
1085,12.947398,77.596827,781750.0,1432750.0,781750.0,1432750.0,145,Hombegowda Nagara,10,0.25
1086,12.947352,77.601432,782250.0,1432750.0,782250.0,1432750.0,145,Hombegowda Nagara,11,0.25
1087,12.947306,77.606037,782750.0,1432750.0,782750.0,1432750.0,146,Lakkasandra,11,0.25
1088,12.94726,77.610642,783250.0,1432750.0,783250.0,1432750.0,147,Adugodi,11,0.25
1089,12.947214,77.615247,783750.0,1432750.0,783750.0,1432750.0,147,Adugodi,11,0.25
1090,12.947168,77.619852,784250.0,1432750.0,784250.0,1432750.0,148,Ejipura,11,0.25
1091,12.947121,77.624457,784750.0,1432750.0,784750.0,1432750.0,148,Ejipura,11,0.25
1092,12.947075,77.629062,785250.0,1432750.0,785250.0,1432750.0,114,Agaram,11,0.25
1093,12.947028,77.633667,785750.0,1432750.0,785750.0,1432750.0,114,Agaram,11,0.25
1094,12.946982,77.638272,786250.0,1432750.0,786250.0,1432750.0,114,Agaram,11,0.25
1095,12.946935,77.642876,786750.0,1432750.0,786750.0,1432750.0,114,Agaram,11,0.25
1096,12.946888,77.647481,787250.0,1432750.0,787250.0,1432750.0,150,Bellanduru,11,0.25
1097,12.946842,77.652086,787750.0,1432750.0,787750.0,1432750.0,150,Bellanduru,12,0.25
1098,12.946795,77.656691,788250.0,1432750.0,788250.0,1432750.0,150,Bellanduru,12,0.25
1099,12.946748,77.661296,788750.0,1432750.0,788750.0,1432750.0,150,Bellanduru,12,0.25
1100,12.946701,77.665901,789250.0,1432750.0,789250.0,1432750.0,87,HAL Airport,12,0.25
1101,12.946653,77.670505,789750.0,1432750.0,789750.0,1432750.0,150,Bellanduru,12,0.25
1102,12.946606,77.67511,790250.0,1432750.0,790250.0,1432750.0,86,Marathahalli,12,0.25
1103,12.946559,77.679715,790750.0,1432750.0,790750.0,1432750.0,86,Marathahalli,12,0.25
1104,12.946511,77.68432,791250.0,1432750.0,791250.0,1432750.0,86,Marathahalli,12,0.25
1105,12.946464,77.688924,791750.0,1432750.0,791750.0,1432750.0,86,Marathahalli,12,0.25
1106,12.946416,77.693529,792250.0,1432750.0,792250.0,1432750.0,86,Marathahalli,12,0.25
1107,12.946369,77.698134,792750.0,1432750.0,792750.0,1432750.0,86,Marathahalli,12,0.25
1108,12.946321,77.702738,793250.0,1432750.0,793250.0,1432750.0,150,Bellanduru,13,0.25
1109,12.946273,77.707343,793750.0,1432750.0,793750.0,1432750.0,149,Varthuru,13,0.25
1110,12.946225,77.711948,794250.0,1432750.0,794250.0,1432750.0,149,Varthuru,13,0.25
1111,12.946177,77.716552,794750.0,1432750.0,794750.0,1432750.0,85,Dodda Nekkundi,13,0.25
1112,12.946129,77.721157,795250.0,1432750.0,795250.0,1432750.0,85,Dodda Nekkundi,13,0.25
1113,12.946081,77.725761,795750.0,1432750.0,795750.0,1432750.0,149,Varthuru,13,0.25
1114,12.946033,77.730366,796250.0,1432750.0,796250.0,1432750.0,149,Varthuru,13,0.25
1115,12.945985,77.73497,796750.0,1432750.0,796750.0,1432750.0,149,Varthuru,13,0.25
1116,12.945936,77.739575,797250.0,1432750.0,797250.0,1432750.0,149,Varthuru,13,0.25
1117,12.945888,77.744179,797750.0,1432750.0,797750.0,1432750.0,149,Varthuru,13,0.25
1118,12.945839,77.748784,798250.0,1432750.0,798250.0,1432750.0,149,Varthuru,13,0.25
1119,12.945791,77.753388,798750.0,1432750.0,798750.0,1432750.0,149,Varthuru,14,0.25
1120,12.945742,77.757993,799250.0,1432750.0,799250.0,1432750.0,149,Varthuru,14,0.25
1121,12.945693,77.762597,799750.0,1432750.0,799750.0,1432750.0,149,Varthuru,14,0.25
1122,12.945741,77.765191,800031.55,1432758.3,800250.0,1432750.0,149,Varthuru,14,0.031321
1123,12.953207,77.473367,768340.89,1433260.0,768250.0,1433250.0,130,Ullalu,15,0.156641
1124,12.953081,77.477134,768750.0,1433250.0,768750.0,1433250.0,130,Ullalu,15,0.25
1125,12.953037,77.48174,769250.0,1433250.0,769250.0,1433250.0,130,Ullalu,15,0.25
1126,12.952993,77.486345,769750.0,1433250.0,769750.0,1433250.0,129,Jnana Bharathi ward,15,0.25
1127,12.952949,77.490951,770250.0,1433250.0,770250.0,1433250.0,129,Jnana Bharathi ward,15,0.25
1128,12.952905,77.495556,770750.0,1433250.0,770750.0,1433250.0,129,Jnana Bharathi ward,15,0.25
1129,12.952861,77.500162,771250.0,1433250.0,771250.0,1433250.0,129,Jnana Bharathi ward,16,0.25
1130,12.952817,77.504767,771750.0,1433250.0,771750.0,1433250.0,129,Jnana Bharathi ward,16,0.25
1131,12.952773,77.509373,772250.0,1433250.0,772250.0,1433250.0,129,Jnana Bharathi ward,16,0.25
1132,12.952728,77.513978,772750.0,1433250.0,772750.0,1433250.0,128,Nagarabhavi,16,0.25
1133,12.952684,77.518584,773250.0,1433250.0,773250.0,1433250.0,131,Nayandahalli,16,0.25
1134,12.952639,77.523189,773750.0,1433250.0,773750.0,1433250.0,128,Nagarabhavi,16,0.25
1135,12.952595,77.527795,774250.0,1433250.0,774250.0,1433250.0,132,Attiguppe,16,0.25
1136,12.95255,77.5324,774750.0,1433250.0,774750.0,1433250.0,132,Attiguppe,16,0.25
1137,12.952505,77.537005,775250.0,1433250.0,775250.0,1433250.0,133,Hampi Nagar,16,0.25
1138,12.95246,77.541611,775750.0,1433250.0,775750.0,1433250.0,157,Gali Anjenaya Temple ward,16,0.25
1139,12.952415,77.546216,776250.0,1433250.0,776250.0,1433250.0,157,Gali Anjenaya Temple ward,16,0.25
1140,12.95237,77.550821,776750.0,1433250.0,776750.0,1433250.0,141,Azad Nagar,17,0.25
1141,12.952325,77.555427,777250.0,1433250.0,777250.0,1433250.0,141,Azad Nagar,17,0.25
1142,12.95228,77.560032,777750.0,1433250.0,777750.0,1433250.0,155,Hanumanth Nagar,17,0.25
1143,12.952234,77.564637,778250.0,1433250.0,778250.0,1433250.0,142,Sunkenahalli,17,0.25
1144,12.952189,77.569242,778750.0,1433250.0,778750.0,1433250.0,142,Sunkenahalli,17,0.25
1145,12.952143,77.573848,779250.0,1433250.0,779250.0,1433250.0,143,Vishveshwara Puram,17,0.25
1146,12.952098,77.578453,779750.0,1433250.0,779750.0,1433250.0,143,Vishveshwara Puram,17,0.25
1147,12.952052,77.583058,780250.0,1433250.0,780250.0,1433250.0,143,Vishveshwara Puram,17,0.25
1148,12.952007,77.587663,780750.0,1433250.0,780750.0,1433250.0,143,Vishveshwara Puram,17,0.25
1149,12.951961,77.592268,781250.0,1433250.0,781250.0,1433250.0,145,Hombegowda Nagara,17,0.25
1150,12.951915,77.596874,781750.0,1433250.0,781750.0,1433250.0,145,Hombegowda Nagara,17,0.25
1151,12.951869,77.601479,782250.0,1433250.0,782250.0,1433250.0,117,Shanthi Nagar,18,0.25
1152,12.951823,77.606084,782750.0,1433250.0,782750.0,1433250.0,117,Shanthi Nagar,18,0.25
1153,12.951777,77.610689,783250.0,1433250.0,783250.0,1433250.0,117,Shanthi Nagar,18,0.25
1154,12.951731,77.615294,783750.0,1433250.0,783750.0,1433250.0,116,Nilasandra,18,0.25
1155,12.951684,77.619899,784250.0,1433250.0,784250.0,1433250.0,116,Nilasandra,18,0.25
1156,12.951638,77.624504,784750.0,1433250.0,784750.0,1433250.0,115,Vannarpet,18,0.25
1157,12.951592,77.629109,785250.0,1433250.0,785250.0,1433250.0,114,Agaram,18,0.25
1158,12.951545,77.633714,785750.0,1433250.0,785750.0,1433250.0,114,Agaram,18,0.25
1159,12.951498,77.638319,786250.0,1433250.0,786250.0,1433250.0,114,Agaram,18,0.25
1160,12.951452,77.642924,786750.0,1433250.0,786750.0,1433250.0,150,Bellanduru,18,0.25
1161,12.951405,77.647529,787250.0,1433250.0,787250.0,1433250.0,113,Konena Agrahara,18,0.25
1162,12.951358,77.652134,787750.0,1433250.0,787750.0,1433250.0,87,HAL Airport,19,0.25
1163,12.951311,77.656739,788250.0,1433250.0,788250.0,1433250.0,87,HAL Airport,19,0.25
1164,12.951264,77.661344,788750.0,1433250.0,788750.0,1433250.0,87,HAL Airport,19,0.25
1165,12.951217,77.665949,789250.0,1433250.0,789250.0,1433250.0,87,HAL Airport,19,0.25
1166,12.95117,77.670554,789750.0,1433250.0,789750.0,1433250.0,87,HAL Airport,19,0.25
1167,12.951123,77.675158,790250.0,1433250.0,790250.0,1433250.0,87,HAL Airport,19,0.25
1168,12.951075,77.679763,790750.0,1433250.0,790750.0,1433250.0,87,HAL Airport,19,0.25
1169,12.951028,77.684368,791250.0,1433250.0,791250.0,1433250.0,87,HAL Airport,19,0.25
1170,12.95098,77.688973,791750.0,1433250.0,791750.0,1433250.0,87,HAL Airport,19,0.25
1171,12.950933,77.693578,792250.0,1433250.0,792250.0,1433250.0,86,Marathahalli,19,0.25
1172,12.950885,77.698182,792750.0,1433250.0,792750.0,1433250.0,86,Marathahalli,19,0.25
1173,12.950837,77.702787,793250.0,1433250.0,793250.0,1433250.0,150,Bellanduru,20,0.25
1174,12.95079,77.707392,793750.0,1433250.0,793750.0,1433250.0,149,Varthuru,20,0.25
1175,12.950742,77.711996,794250.0,1433250.0,794250.0,1433250.0,149,Varthuru,20,0.25
1176,12.950694,77.716601,794750.0,1433250.0,794750.0,1433250.0,85,Dodda Nekkundi,20,0.25
1177,12.950646,77.721206,795250.0,1433250.0,795250.0,1433250.0,85,Dodda Nekkundi,20,0.25
1178,12.950597,77.72581,795750.0,1433250.0,795750.0,1433250.0,84,Hagadur,20,0.25
1179,12.950549,77.730415,796250.0,1433250.0,796250.0,1433250.0,84,Hagadur,20,0.25
1180,12.950501,77.73502,796750.0,1433250.0,796750.0,1433250.0,84,Hagadur,20,0.25
1181,12.950453,77.739624,797250.0,1433250.0,797250.0,1433250.0,149,Varthuru,20,0.25
1182,12.950404,77.744229,797750.0,1433250.0,797750.0,1433250.0,149,Varthuru,20,0.25
1183,12.950355,77.748833,798250.0,1433250.0,798250.0,1433250.0,149,Varthuru,20,0.25
1184,12.950307,77.753438,798750.0,1433250.0,798750.0,1433250.0,149,Varthuru,21,0.25
1185,12.950258,77.758042,799250.0,1433250.0,799250.0,1433250.0,149,Varthuru,21,0.25
1186,12.950206,77.762643,799749.59,1433249.62,799750.0,1433250.0,149,Varthuru,21,0.249582
1187,12.949215,77.765127,800020.43,1433142.86,800250.0,1433250.0,149,Varthuru,14,0.013127
1188,12.957605,77.473524,768353.27,1433746.92,768250.0,1433750.0,130,Ullalu,15,0.146625
1189,12.957598,77.477179,768750.0,1433750.0,768750.0,1433750.0,130,Ullalu,15,0.25
1190,12.957555,77.481784,769250.0,1433750.0,769250.0,1433750.0,130,Ullalu,15,0.25
1191,12.957511,77.48639,769750.0,1433750.0,769750.0,1433750.0,129,Jnana Bharathi ward,15,0.25
1192,12.957467,77.490996,770250.0,1433750.0,770250.0,1433750.0,129,Jnana Bharathi ward,15,0.25
1193,12.957422,77.495601,770750.0,1433750.0,770750.0,1433750.0,129,Jnana Bharathi ward,15,0.25
1194,12.957378,77.500207,771250.0,1433750.0,771250.0,1433750.0,129,Jnana Bharathi ward,16,0.25
1195,12.957334,77.504813,771750.0,1433750.0,771750.0,1433750.0,129,Jnana Bharathi ward,16,0.25
1196,12.95729,77.509418,772250.0,1433750.0,772250.0,1433750.0,129,Jnana Bharathi ward,16,0.25
1197,12.957245,77.514024,772750.0,1433750.0,772750.0,1433750.0,128,Nagarabhavi,16,0.25
1198,12.957201,77.518629,773250.0,1433750.0,773250.0,1433750.0,128,Nagarabhavi,16,0.25
1199,12.957156,77.523235,773750.0,1433750.0,773750.0,1433750.0,128,Nagarabhavi,16,0.25
1200,12.957111,77.52784,774250.0,1433750.0,774250.0,1433750.0,128,Nagarabhavi,16,0.25
1201,12.957067,77.532446,774750.0,1433750.0,774750.0,1433750.0,132,Attiguppe,16,0.25
1202,12.957022,77.537051,775250.0,1433750.0,775250.0,1433750.0,133,Hampi Nagar,16,0.25
1203,12.956977,77.541657,775750.0,1433750.0,775750.0,1433750.0,134,Bapuji Nagar,16,0.25
1204,12.956932,77.546262,776250.0,1433750.0,776250.0,1433750.0,134,Bapuji Nagar,16,0.25
1205,12.956887,77.550867,776750.0,1433750.0,776750.0,1433750.0,141,Azad Nagar,17,0.25
1206,12.956842,77.555473,777250.0,1433750.0,777250.0,1433750.0,140,Chamrajapet,17,0.25
1207,12.956796,77.560078,777750.0,1433750.0,777750.0,1433750.0,140,Chamrajapet,17,0.25
1208,12.956751,77.564683,778250.0,1433750.0,778250.0,1433750.0,142,Sunkenahalli,17,0.25
1209,12.956706,77.569289,778750.0,1433750.0,778750.0,1433750.0,143,Vishveshwara Puram,17,0.25
1210,12.95666,77.573894,779250.0,1433750.0,779250.0,1433750.0,143,Vishveshwara Puram,17,0.25
1211,12.956615,77.578499,779750.0,1433750.0,779750.0,1433750.0,118,Sudham Nagara,17,0.25
1212,12.956569,77.583105,780250.0,1433750.0,780250.0,1433750.0,118,Sudham Nagara,17,0.25
1213,12.956523,77.58771,780750.0,1433750.0,780750.0,1433750.0,145,Hombegowda Nagara,17,0.25
1214,12.956478,77.592315,781250.0,1433750.0,781250.0,1433750.0,118,Sudham Nagara,17,0.25
1215,12.956432,77.59692,781750.0,1433750.0,781750.0,1433750.0,117,Shanthi Nagar,17,0.25
1216,12.956386,77.601526,782250.0,1433750.0,782250.0,1433750.0,117,Shanthi Nagar,18,0.25
1217,12.95634,77.606131,782750.0,1433750.0,782750.0,1433750.0,117,Shanthi Nagar,18,0.25
1218,12.956293,77.610736,783250.0,1433750.0,783250.0,1433750.0,117,Shanthi Nagar,18,0.25
1219,12.956247,77.615341,783750.0,1433750.0,783750.0,1433750.0,115,Vannarpet,18,0.25
1220,12.956201,77.619946,784250.0,1433750.0,784250.0,1433750.0,115,Vannarpet,18,0.25
1221,12.956155,77.624551,784750.0,1433750.0,784750.0,1433750.0,114,Agaram,18,0.25
1222,12.956108,77.629157,785250.0,1433750.0,785250.0,1433750.0,114,Agaram,18,0.25
1223,12.956062,77.633762,785750.0,1433750.0,785750.0,1433750.0,114,Agaram,18,0.25
1224,12.956015,77.638367,786250.0,1433750.0,786250.0,1433750.0,112,Domlur,18,0.25
1225,12.955968,77.642972,786750.0,1433750.0,786750.0,1433750.0,112,Domlur,18,0.25
1226,12.955921,77.647577,787250.0,1433750.0,787250.0,1433750.0,113,Konena Agrahara,18,0.25
1227,12.955875,77.652182,787750.0,1433750.0,787750.0,1433750.0,113,Konena Agrahara,19,0.25
1228,12.955828,77.656787,788250.0,1433750.0,788250.0,1433750.0,113,Konena Agrahara,19,0.25
1229,12.955781,77.661392,788750.0,1433750.0,788750.0,1433750.0,113,Konena Agrahara,19,0.25
1230,12.955734,77.665997,789250.0,1433750.0,789250.0,1433750.0,87,HAL Airport,19,0.25
1231,12.955686,77.670602,789750.0,1433750.0,789750.0,1433750.0,87,HAL Airport,19,0.25
1232,12.955639,77.675207,790250.0,1433750.0,790250.0,1433750.0,87,HAL Airport,19,0.25
1233,12.955592,77.679812,790750.0,1433750.0,790750.0,1433750.0,87,HAL Airport,19,0.25
1234,12.955544,77.684416,791250.0,1433750.0,791250.0,1433750.0,87,HAL Airport,19,0.25
1235,12.955497,77.689021,791750.0,1433750.0,791750.0,1433750.0,87,HAL Airport,19,0.25
1236,12.955449,77.693626,792250.0,1433750.0,792250.0,1433750.0,86,Marathahalli,19,0.25
1237,12.955401,77.698231,792750.0,1433750.0,792750.0,1433750.0,86,Marathahalli,19,0.25
1238,12.955354,77.702836,793250.0,1433750.0,793250.0,1433750.0,150,Bellanduru,20,0.25
1239,12.955306,77.707441,793750.0,1433750.0,793750.0,1433750.0,149,Varthuru,20,0.25
1240,12.955258,77.712045,794250.0,1433750.0,794250.0,1433750.0,149,Varthuru,20,0.25
1241,12.95521,77.71665,794750.0,1433750.0,794750.0,1433750.0,85,Dodda Nekkundi,20,0.25
1242,12.955162,77.721255,795250.0,1433750.0,795250.0,1433750.0,85,Dodda Nekkundi,20,0.25
1243,12.955114,77.72586,795750.0,1433750.0,795750.0,1433750.0,84,Hagadur,20,0.25
1244,12.955065,77.730464,796250.0,1433750.0,796250.0,1433750.0,84,Hagadur,20,0.25
1245,12.955017,77.735069,796750.0,1433750.0,796750.0,1433750.0,84,Hagadur,20,0.25
1246,12.954969,77.739674,797250.0,1433750.0,797250.0,1433750.0,84,Hagadur,20,0.25
1247,12.95492,77.744278,797750.0,1433750.0,797750.0,1433750.0,149,Varthuru,20,0.25
1248,12.954872,77.748883,798250.0,1433750.0,798250.0,1433750.0,149,Varthuru,20,0.25
1249,12.954823,77.753488,798750.0,1433750.0,798750.0,1433750.0,149,Varthuru,21,0.25
1250,12.954774,77.758092,799250.0,1433750.0,799250.0,1433750.0,149,Varthuru,21,0.25
1251,12.954675,77.762489,799727.54,1433744.18,799750.0,1433750.0,149,Varthuru,21,0.22716
1252,12.962228,77.473434,768338.48,1434258.45,768250.0,1434250.0,130,Ullalu,15,0.160967
1253,12.962116,77.477223,768750.0,1434250.0,768750.0,1434250.0,130,Ullalu,15,0.25
1254,12.962072,77.481829,769250.0,1434250.0,769250.0,1434250.0,130,Ullalu,15,0.25
1255,12.962028,77.486435,769750.0,1434250.0,769750.0,1434250.0,129,Jnana Bharathi ward,15,0.25
1256,12.961984,77.491041,770250.0,1434250.0,770250.0,1434250.0,129,Jnana Bharathi ward,15,0.25
1257,12.96194,77.495646,770750.0,1434250.0,770750.0,1434250.0,129,Jnana Bharathi ward,15,0.25
1258,12.961895,77.500252,771250.0,1434250.0,771250.0,1434250.0,129,Jnana Bharathi ward,16,0.25
1259,12.961851,77.504858,771750.0,1434250.0,771750.0,1434250.0,73,Kottegepalya,16,0.25
1260,12.961807,77.509463,772250.0,1434250.0,772250.0,1434250.0,73,Kottegepalya,16,0.25
1261,12.961762,77.514069,772750.0,1434250.0,772750.0,1434250.0,73,Kottegepalya,16,0.25
1262,12.961718,77.518675,773250.0,1434250.0,773250.0,1434250.0,128,Nagarabhavi,16,0.25
1263,12.961673,77.52328,773750.0,1434250.0,773750.0,1434250.0,132,Attiguppe,16,0.25
1264,12.961628,77.527886,774250.0,1434250.0,774250.0,1434250.0,132,Attiguppe,16,0.25
1265,12.961584,77.532491,774750.0,1434250.0,774750.0,1434250.0,132,Attiguppe,16,0.25
1266,12.961539,77.537097,775250.0,1434250.0,775250.0,1434250.0,133,Hampi Nagar,16,0.25
1267,12.961494,77.541702,775750.0,1434250.0,775750.0,1434250.0,133,Hampi Nagar,16,0.25
1268,12.961449,77.546308,776250.0,1434250.0,776250.0,1434250.0,135,Padarayanapura,16,0.25
1269,12.961404,77.550913,776750.0,1434250.0,776750.0,1434250.0,136,Jagajivanaramnagar,17,0.25
1270,12.961359,77.555519,777250.0,1434250.0,777250.0,1434250.0,136,Jagajivanaramnagar,17,0.25
1271,12.961313,77.560124,777750.0,1434250.0,777750.0,1434250.0,140,Chamrajapet,17,0.25
1272,12.961268,77.56473,778250.0,1434250.0,778250.0,1434250.0,140,Chamrajapet,17,0.25
1273,12.961223,77.569335,778750.0,1434250.0,778750.0,1434250.0,139,K R Market,17,0.25
1274,12.961177,77.573941,779250.0,1434250.0,779250.0,1434250.0,139,K R Market,17,0.25
1275,12.961131,77.578546,779750.0,1434250.0,779750.0,1434250.0,119,Dharmaraya Swamy Temple,17,0.25
1276,12.961086,77.583151,780250.0,1434250.0,780250.0,1434250.0,119,Dharmaraya Swamy Temple,17,0.25
1277,12.96104,77.587757,780750.0,1434250.0,780750.0,1434250.0,118,Sudham Nagara,17,0.25
1278,12.960994,77.592362,781250.0,1434250.0,781250.0,1434250.0,118,Sudham Nagara,17,0.25
1279,12.960948,77.596967,781750.0,1434250.0,781750.0,1434250.0,117,Shanthi Nagar,17,0.25
1280,12.960902,77.601573,782250.0,1434250.0,782250.0,1434250.0,111,Shantala Nagar,18,0.25
1281,12.960856,77.606178,782750.0,1434250.0,782750.0,1434250.0,117,Shanthi Nagar,18,0.25
1282,12.96081,77.610783,783250.0,1434250.0,783250.0,1434250.0,117,Shanthi Nagar,18,0.25
1283,12.960764,77.615388,783750.0,1434250.0,783750.0,1434250.0,114,Agaram,18,0.25
1284,12.960718,77.619994,784250.0,1434250.0,784250.0,1434250.0,114,Agaram,18,0.25
1285,12.960671,77.624599,784750.0,1434250.0,784750.0,1434250.0,114,Agaram,18,0.25
1286,12.960625,77.629204,785250.0,1434250.0,785250.0,1434250.0,114,Agaram,18,0.25
1287,12.960578,77.633809,785750.0,1434250.0,785750.0,1434250.0,114,Agaram,18,0.25
1288,12.960531,77.638414,786250.0,1434250.0,786250.0,1434250.0,112,Domlur,18,0.25
1289,12.960485,77.643019,786750.0,1434250.0,786750.0,1434250.0,113,Konena Agrahara,18,0.25
1290,12.960438,77.647625,787250.0,1434250.0,787250.0,1434250.0,88,Jeevanbhima Nagar,18,0.25
1291,12.960391,77.65223,787750.0,1434250.0,787750.0,1434250.0,88,Jeevanbhima Nagar,19,0.25
1292,12.960344,77.656835,788250.0,1434250.0,788250.0,1434250.0,113,Konena Agrahara,19,0.25
1293,12.960297,77.66144,788750.0,1434250.0,788750.0,1434250.0,87,HAL Airport,19,0.25
1294,12.96025,77.666045,789250.0,1434250.0,789250.0,1434250.0,87,HAL Airport,19,0.25
1295,12.960203,77.67065,789750.0,1434250.0,789750.0,1434250.0,87,HAL Airport,19,0.25
1296,12.960155,77.675255,790250.0,1434250.0,790250.0,1434250.0,87,HAL Airport,19,0.25
1297,12.960108,77.67986,790750.0,1434250.0,790750.0,1434250.0,87,HAL Airport,19,0.25
1298,12.960061,77.684465,791250.0,1434250.0,791250.0,1434250.0,87,HAL Airport,19,0.25
1299,12.960013,77.68907,791750.0,1434250.0,791750.0,1434250.0,87,HAL Airport,19,0.25
1300,12.959965,77.693675,792250.0,1434250.0,792250.0,1434250.0,86,Marathahalli,19,0.25
1301,12.959918,77.69828,792750.0,1434250.0,792750.0,1434250.0,86,Marathahalli,19,0.25
1302,12.95987,77.702885,793250.0,1434250.0,793250.0,1434250.0,85,Dodda Nekkundi,20,0.25
1303,12.959822,77.707489,793750.0,1434250.0,793750.0,1434250.0,85,Dodda Nekkundi,20,0.25
1304,12.959774,77.712094,794250.0,1434250.0,794250.0,1434250.0,85,Dodda Nekkundi,20,0.25
1305,12.959726,77.716699,794750.0,1434250.0,794750.0,1434250.0,85,Dodda Nekkundi,20,0.25
1306,12.959678,77.721304,795250.0,1434250.0,795250.0,1434250.0,85,Dodda Nekkundi,20,0.25
1307,12.95963,77.725909,795750.0,1434250.0,795750.0,1434250.0,84,Hagadur,20,0.25
1308,12.959582,77.730514,796250.0,1434250.0,796250.0,1434250.0,84,Hagadur,20,0.25
1309,12.959533,77.735118,796750.0,1434250.0,796750.0,1434250.0,84,Hagadur,20,0.25
1310,12.959485,77.739723,797250.0,1434250.0,797250.0,1434250.0,84,Hagadur,20,0.25
1311,12.959436,77.744328,797750.0,1434250.0,797750.0,1434250.0,84,Hagadur,20,0.25
1312,12.959388,77.748932,798250.0,1434250.0,798250.0,1434250.0,84,Hagadur,20,0.25
1313,12.959339,77.753537,798750.0,1434250.0,798750.0,1434250.0,84,Hagadur,21,0.25
1314,12.95929,77.758142,799250.0,1434250.0,799250.0,1434250.0,149,Varthuru,21,0.25
1315,12.959316,77.762656,799740.07,1434258.1,799750.0,1434250.0,149,Varthuru,21,0.23896
1316,12.960764,77.767172,800228.71,1434423.79,800250.0,1434250.0,149,Varthuru,21,0.063731
1317,12.961145,77.769958,800530.69,1434469.21,800750.0,1434250.0,149,Varthuru,21,0.004153
1318,12.966615,77.473326,768322.1,1434743.92,768250.0,1434750.0,130,Ullalu,15,0.177176
1319,12.966633,77.477268,768750.0,1434750.0,768750.0,1434750.0,130,Ullalu,15,0.25
1320,12.966589,77.481874,769250.0,1434750.0,769250.0,1434750.0,130,Ullalu,15,0.25
1321,12.966545,77.48648,769750.0,1434750.0,769750.0,1434750.0,72,Herohalli,15,0.25
1322,12.966501,77.491086,770250.0,1434750.0,770250.0,1434750.0,72,Herohalli,15,0.25
1323,12.966457,77.495691,770750.0,1434750.0,770750.0,1434750.0,72,Herohalli,15,0.25
1324,12.966412,77.500297,771250.0,1434750.0,771250.0,1434750.0,129,Jnana Bharathi ward,16,0.25
1325,12.966368,77.504903,771750.0,1434750.0,771750.0,1434750.0,129,Jnana Bharathi ward,16,0.25
1326,12.966324,77.509509,772250.0,1434750.0,772250.0,1434750.0,73,Kottegepalya,16,0.25
1327,12.966279,77.514114,772750.0,1434750.0,772750.0,1434750.0,73,Kottegepalya,16,0.25
1328,12.966235,77.51872,773250.0,1434750.0,773250.0,1434750.0,127,Mudalapalya,16,0.25
1329,12.96619,77.523326,773750.0,1434750.0,773750.0,1434750.0,127,Mudalapalya,16,0.25
1330,12.966145,77.527931,774250.0,1434750.0,774250.0,1434750.0,126,Maruthi Mandir ward,16,0.25
1331,12.966101,77.532537,774750.0,1434750.0,774750.0,1434750.0,126,Maruthi Mandir ward,16,0.25
1332,12.966056,77.537143,775250.0,1434750.0,775250.0,1434750.0,133,Hampi Nagar,16,0.25
1333,12.966011,77.541748,775750.0,1434750.0,775750.0,1434750.0,124,Hosahalli,16,0.25
1334,12.965966,77.546354,776250.0,1434750.0,776250.0,1434750.0,124,Hosahalli,16,0.25
1335,12.965921,77.550959,776750.0,1434750.0,776750.0,1434750.0,135,Padarayanapura,17,0.25
1336,12.965875,77.555565,777250.0,1434750.0,777250.0,1434750.0,137,Rayapuram,17,0.25
1337,12.96583,77.56017,777750.0,1434750.0,777750.0,1434750.0,137,Rayapuram,17,0.25
1338,12.965785,77.564776,778250.0,1434750.0,778250.0,1434750.0,138,Chalavadipalya,17,0.25
1339,12.965739,77.569382,778750.0,1434750.0,778750.0,1434750.0,139,K R Market,17,0.25
1340,12.965694,77.573987,779250.0,1434750.0,779250.0,1434750.0,139,K R Market,17,0.25
1341,12.965648,77.578592,779750.0,1434750.0,779750.0,1434750.0,119,Dharmaraya Swamy Temple,17,0.25
1342,12.965603,77.583198,780250.0,1434750.0,780250.0,1434750.0,119,Dharmaraya Swamy Temple,17,0.25
1343,12.965557,77.587803,780750.0,1434750.0,780750.0,1434750.0,110,Sampangiram Nagar,17,0.25
1344,12.965511,77.592409,781250.0,1434750.0,781250.0,1434750.0,110,Sampangiram Nagar,17,0.25
1345,12.965465,77.597014,781750.0,1434750.0,781750.0,1434750.0,111,Shantala Nagar,17,0.25
1346,12.965419,77.60162,782250.0,1434750.0,782250.0,1434750.0,111,Shantala Nagar,18,0.25
1347,12.965373,77.606225,782750.0,1434750.0,782750.0,1434750.0,117,Shanthi Nagar,18,0.25
1348,12.965327,77.61083,783250.0,1434750.0,783250.0,1434750.0,111,Shantala Nagar,18,0.25
1349,12.965281,77.615436,783750.0,1434750.0,783750.0,1434750.0,111,Shantala Nagar,18,0.25
1350,12.965234,77.620041,784250.0,1434750.0,784250.0,1434750.0,114,Agaram,18,0.25
1351,12.965188,77.624646,784750.0,1434750.0,784750.0,1434750.0,114,Agaram,18,0.25
1352,12.965141,77.629251,785250.0,1434750.0,785250.0,1434750.0,114,Agaram,18,0.25
1353,12.965095,77.633857,785750.0,1434750.0,785750.0,1434750.0,112,Domlur,18,0.25
1354,12.965048,77.638462,786250.0,1434750.0,786250.0,1434750.0,112,Domlur,18,0.25
1355,12.965001,77.643067,786750.0,1434750.0,786750.0,1434750.0,88,Jeevanbhima Nagar,18,0.25
1356,12.964954,77.647672,787250.0,1434750.0,787250.0,1434750.0,88,Jeevanbhima Nagar,18,0.25
1357,12.964908,77.652278,787750.0,1434750.0,787750.0,1434750.0,88,Jeevanbhima Nagar,19,0.25
1358,12.964861,77.656883,788250.0,1434750.0,788250.0,1434750.0,88,Jeevanbhima Nagar,19,0.25
1359,12.964814,77.661488,788750.0,1434750.0,788750.0,1434750.0,87,HAL Airport,19,0.25
1360,12.964766,77.666093,789250.0,1434750.0,789250.0,1434750.0,87,HAL Airport,19,0.25
1361,12.964719,77.670698,789750.0,1434750.0,789750.0,1434750.0,87,HAL Airport,19,0.25
1362,12.964672,77.675303,790250.0,1434750.0,790250.0,1434750.0,87,HAL Airport,19,0.25
1363,12.964624,77.679908,790750.0,1434750.0,790750.0,1434750.0,81,Vijnana Nagar,19,0.25
1364,12.964577,77.684513,791250.0,1434750.0,791250.0,1434750.0,81,Vijnana Nagar,19,0.25
1365,12.964529,77.689118,791750.0,1434750.0,791750.0,1434750.0,85,Dodda Nekkundi,19,0.25
1366,12.964482,77.693723,792250.0,1434750.0,792250.0,1434750.0,85,Dodda Nekkundi,19,0.25
1367,12.964434,77.698328,792750.0,1434750.0,792750.0,1434750.0,85,Dodda Nekkundi,19,0.25
1368,12.964386,77.702933,793250.0,1434750.0,793250.0,1434750.0,85,Dodda Nekkundi,20,0.25
1369,12.964338,77.707538,793750.0,1434750.0,793750.0,1434750.0,85,Dodda Nekkundi,20,0.25
1370,12.96429,77.712143,794250.0,1434750.0,794250.0,1434750.0,85,Dodda Nekkundi,20,0.25
1371,12.964242,77.716748,794750.0,1434750.0,794750.0,1434750.0,85,Dodda Nekkundi,20,0.25
1372,12.964194,77.721353,795250.0,1434750.0,795250.0,1434750.0,85,Dodda Nekkundi,20,0.25
1373,12.964146,77.725958,795750.0,1434750.0,795750.0,1434750.0,85,Dodda Nekkundi,20,0.25
1374,12.964098,77.730563,796250.0,1434750.0,796250.0,1434750.0,84,Hagadur,20,0.25
1375,12.964049,77.735168,796750.0,1434750.0,796750.0,1434750.0,84,Hagadur,20,0.25
1376,12.964001,77.739772,797250.0,1434750.0,797250.0,1434750.0,84,Hagadur,20,0.25
1377,12.963953,77.744377,797750.0,1434750.0,797750.0,1434750.0,84,Hagadur,20,0.25
1378,12.963904,77.748982,798250.0,1434750.0,798250.0,1434750.0,84,Hagadur,20,0.25
1379,12.963855,77.753587,798750.0,1434750.0,798750.0,1434750.0,84,Hagadur,21,0.25
1380,12.963806,77.758192,799250.0,1434750.0,799250.0,1434750.0,84,Hagadur,21,0.25
1381,12.963758,77.762796,799750.0,1434750.0,799750.0,1434750.0,84,Hagadur,21,0.25
1382,12.963709,77.767401,800250.0,1434750.0,800250.0,1434750.0,84,Hagadur,21,0.25
1383,12.964411,77.770836,800622.06,1434831.8,800750.0,1434750.0,84,Hagadur,21,0.089515
1384,12.970923,77.474314,768424.74,1435221.75,768250.0,1435250.0,130,Ullalu,15,0.06664
1385,12.97115,77.477313,768750.0,1435250.0,768750.0,1435250.0,130,Ullalu,15,0.25
1386,12.971106,77.481919,769250.0,1435250.0,769250.0,1435250.0,72,Herohalli,15,0.25
1387,12.971062,77.486525,769750.0,1435250.0,769750.0,1435250.0,72,Herohalli,15,0.25
1388,12.971018,77.491131,770250.0,1435250.0,770250.0,1435250.0,72,Herohalli,15,0.25
1389,12.970974,77.495736,770750.0,1435250.0,770750.0,1435250.0,129,Jnana Bharathi ward,15,0.25
1390,12.970929,77.500342,771250.0,1435250.0,771250.0,1435250.0,129,Jnana Bharathi ward,16,0.25
1391,12.970885,77.504948,771750.0,1435250.0,771750.0,1435250.0,129,Jnana Bharathi ward,16,0.25
1392,12.970841,77.509554,772250.0,1435250.0,772250.0,1435250.0,73,Kottegepalya,16,0.25
1393,12.970796,77.51416,772750.0,1435250.0,772750.0,1435250.0,73,Kottegepalya,16,0.25
1394,12.970752,77.518766,773250.0,1435250.0,773250.0,1435250.0,127,Mudalapalya,16,0.25
1395,12.970707,77.523371,773750.0,1435250.0,773750.0,1435250.0,127,Mudalapalya,16,0.25
1396,12.970662,77.527977,774250.0,1435250.0,774250.0,1435250.0,125,Marenahalli,16,0.25
1397,12.970617,77.532583,774750.0,1435250.0,774750.0,1435250.0,125,Marenahalli,16,0.25
1398,12.970573,77.537188,775250.0,1435250.0,775250.0,1435250.0,125,Marenahalli,16,0.25
1399,12.970528,77.541794,775750.0,1435250.0,775750.0,1435250.0,124,Hosahalli,16,0.25
1400,12.970483,77.5464,776250.0,1435250.0,776250.0,1435250.0,123,Vijayanagar,16,0.25
1401,12.970437,77.551005,776750.0,1435250.0,776750.0,1435250.0,123,Vijayanagar,17,0.25
1402,12.970392,77.555611,777250.0,1435250.0,777250.0,1435250.0,122,Kempapura Agrahara,17,0.25
1403,12.970347,77.560217,777750.0,1435250.0,777750.0,1435250.0,121,Binnipete,17,0.25
1404,12.970302,77.564822,778250.0,1435250.0,778250.0,1435250.0,120,Cottonpete,17,0.25
1405,12.970256,77.569428,778750.0,1435250.0,778750.0,1435250.0,120,Cottonpete,17,0.25
1406,12.970211,77.574033,779250.0,1435250.0,779250.0,1435250.0,109,Chickpete,17,0.25
1407,12.970165,77.578639,779750.0,1435250.0,779750.0,1435250.0,109,Chickpete,17,0.25
1408,12.970119,77.583245,780250.0,1435250.0,780250.0,1435250.0,119,Dharmaraya Swamy Temple,17,0.25
1409,12.970074,77.58785,780750.0,1435250.0,780750.0,1435250.0,110,Sampangiram Nagar,17,0.25
1410,12.970028,77.592456,781250.0,1435250.0,781250.0,1435250.0,110,Sampangiram Nagar,17,0.25
1411,12.969982,77.597061,781750.0,1435250.0,781750.0,1435250.0,111,Shantala Nagar,17,0.25
1412,12.969936,77.601666,782250.0,1435250.0,782250.0,1435250.0,111,Shantala Nagar,18,0.25
1413,12.96989,77.606272,782750.0,1435250.0,782750.0,1435250.0,111,Shantala Nagar,18,0.25
1414,12.969843,77.610877,783250.0,1435250.0,783250.0,1435250.0,111,Shantala Nagar,18,0.25
1415,12.969797,77.615483,783750.0,1435250.0,783750.0,1435250.0,111,Shantala Nagar,18,0.25
1416,12.969751,77.620088,784250.0,1435250.0,784250.0,1435250.0,114,Agaram,18,0.25
1417,12.969704,77.624694,784750.0,1435250.0,784750.0,1435250.0,114,Agaram,18,0.25
1418,12.969658,77.629299,785250.0,1435250.0,785250.0,1435250.0,89,Jogupalya,18,0.25
1419,12.969611,77.633904,785750.0,1435250.0,785750.0,1435250.0,112,Domlur,18,0.25
1420,12.969565,77.63851,786250.0,1435250.0,786250.0,1435250.0,112,Domlur,18,0.25
1421,12.969518,77.643115,786750.0,1435250.0,786750.0,1435250.0,88,Jeevanbhima Nagar,18,0.25
1422,12.969471,77.64772,787250.0,1435250.0,787250.0,1435250.0,58,New Tippasandara,18,0.25
1423,12.969424,77.652325,787750.0,1435250.0,787750.0,1435250.0,58,New Tippasandara,19,0.25
1424,12.969377,77.656931,788250.0,1435250.0,788250.0,1435250.0,58,New Tippasandara,19,0.25
1425,12.96933,77.661536,788750.0,1435250.0,788750.0,1435250.0,87,HAL Airport,19,0.25
1426,12.969283,77.666141,789250.0,1435250.0,789250.0,1435250.0,81,Vijnana Nagar,19,0.25
1427,12.969236,77.670746,789750.0,1435250.0,789750.0,1435250.0,81,Vijnana Nagar,19,0.25
1428,12.969188,77.675351,790250.0,1435250.0,790250.0,1435250.0,81,Vijnana Nagar,19,0.25
1429,12.969141,77.679957,790750.0,1435250.0,790750.0,1435250.0,81,Vijnana Nagar,19,0.25
1430,12.969093,77.684562,791250.0,1435250.0,791250.0,1435250.0,81,Vijnana Nagar,19,0.25
1431,12.969046,77.689167,791750.0,1435250.0,791750.0,1435250.0,85,Dodda Nekkundi,19,0.25
1432,12.968998,77.693772,792250.0,1435250.0,792250.0,1435250.0,85,Dodda Nekkundi,19,0.25
1433,12.96895,77.698377,792750.0,1435250.0,792750.0,1435250.0,85,Dodda Nekkundi,19,0.25
1434,12.968903,77.702982,793250.0,1435250.0,793250.0,1435250.0,85,Dodda Nekkundi,20,0.25
1435,12.968855,77.707587,793750.0,1435250.0,793750.0,1435250.0,85,Dodda Nekkundi,20,0.25
1436,12.968807,77.712192,794250.0,1435250.0,794250.0,1435250.0,85,Dodda Nekkundi,20,0.25
1437,12.968759,77.716797,794750.0,1435250.0,794750.0,1435250.0,85,Dodda Nekkundi,20,0.25
1438,12.968711,77.721402,795250.0,1435250.0,795250.0,1435250.0,85,Dodda Nekkundi,20,0.25
1439,12.968662,77.726007,795750.0,1435250.0,795750.0,1435250.0,84,Hagadur,20,0.25
1440,12.968614,77.730612,796250.0,1435250.0,796250.0,1435250.0,84,Hagadur,20,0.25
1441,12.968566,77.735217,796750.0,1435250.0,796750.0,1435250.0,84,Hagadur,20,0.25
1442,12.968517,77.739822,797250.0,1435250.0,797250.0,1435250.0,84,Hagadur,20,0.25
1443,12.968469,77.744427,797750.0,1435250.0,797750.0,1435250.0,84,Hagadur,20,0.25
1444,12.96842,77.749032,798250.0,1435250.0,798250.0,1435250.0,84,Hagadur,20,0.25
1445,12.968371,77.753637,798750.0,1435250.0,798750.0,1435250.0,84,Hagadur,21,0.25
1446,12.968323,77.758241,799250.0,1435250.0,799250.0,1435250.0,84,Hagadur,21,0.25
1447,12.968274,77.762846,799750.0,1435250.0,799750.0,1435250.0,84,Hagadur,21,0.25
1448,12.968225,77.767451,800250.0,1435250.0,800250.0,1435250.0,84,Hagadur,21,0.25
1449,12.968202,77.772031,800747.28,1435252.92,800750.0,1435250.0,84,Hagadur,21,0.246873
1450,12.968861,77.77646,801227.38,1435331.09,801250.0,1435250.0,84,Hagadur,21,0.16248
1451,12.96828,77.781309,801754.54,1435272.49,801750.0,1435250.0,84,Hagadur,21,0.214853
1452,12.968001,77.783745,802019.3,1435244.46,802250.0,1435250.0,84,Hagadur,21,0.012312
1453,12.97586,77.474582,768448.55,1435768.5,768250.0,1435750.0,72,Herohalli,15,0.049703
1454,12.975667,77.477358,768750.0,1435750.0,768750.0,1435750.0,72,Herohalli,15,0.25
1455,12.975623,77.481964,769250.0,1435750.0,769250.0,1435750.0,72,Herohalli,15,0.25
1456,12.975579,77.48657,769750.0,1435750.0,769750.0,1435750.0,72,Herohalli,15,0.25
1457,12.975535,77.491176,770250.0,1435750.0,770250.0,1435750.0,72,Herohalli,15,0.25
1458,12.975491,77.495782,770750.0,1435750.0,770750.0,1435750.0,129,Jnana Bharathi ward,15,0.25
1459,12.975446,77.500387,771250.0,1435750.0,771250.0,1435750.0,129,Jnana Bharathi ward,16,0.25
1460,12.975402,77.504993,771750.0,1435750.0,771750.0,1435750.0,129,Jnana Bharathi ward,16,0.25
1461,12.975358,77.509599,772250.0,1435750.0,772250.0,1435750.0,73,Kottegepalya,16,0.25
1462,12.975313,77.514205,772750.0,1435750.0,772750.0,1435750.0,73,Kottegepalya,16,0.25
1463,12.975269,77.518811,773250.0,1435750.0,773250.0,1435750.0,103,Kaveripura,16,0.25
1464,12.975224,77.523417,773750.0,1435750.0,773750.0,1435750.0,103,Kaveripura,16,0.25
1465,12.975179,77.528023,774250.0,1435750.0,774250.0,1435750.0,103,Kaveripura,16,0.25
1466,12.975134,77.532628,774750.0,1435750.0,774750.0,1435750.0,104,Govindaraja Nagar,16,0.25
1467,12.97509,77.537234,775250.0,1435750.0,775250.0,1435750.0,104,Govindaraja Nagar,16,0.25
1468,12.975045,77.54184,775750.0,1435750.0,775750.0,1435750.0,104,Govindaraja Nagar,16,0.25
1469,12.974999,77.546446,776250.0,1435750.0,776250.0,1435750.0,105,Agrahara Dasarahalli,16,0.25
1470,12.974954,77.551052,776750.0,1435750.0,776750.0,1435750.0,106,Dr. Raj Kumar Ward,17,0.25
1471,12.974909,77.555657,777250.0,1435750.0,777250.0,1435750.0,122,Kempapura Agrahara,17,0.25
1472,12.974864,77.560263,777750.0,1435750.0,777750.0,1435750.0,121,Binnipete,17,0.25
1473,12.974818,77.564869,778250.0,1435750.0,778250.0,1435750.0,120,Cottonpete,17,0.25
1474,12.974773,77.569474,778750.0,1435750.0,778750.0,1435750.0,95,Subhash Nagar,17,0.25
1475,12.974727,77.57408,779250.0,1435750.0,779250.0,1435750.0,94,Gandhinagar,17,0.25
1476,12.974682,77.578686,779750.0,1435750.0,779750.0,1435750.0,94,Gandhinagar,17,0.25
1477,12.974636,77.583291,780250.0,1435750.0,780250.0,1435750.0,110,Sampangiram Nagar,17,0.25
1478,12.97459,77.587897,780750.0,1435750.0,780750.0,1435750.0,110,Sampangiram Nagar,17,0.25
1479,12.974544,77.592502,781250.0,1435750.0,781250.0,1435750.0,110,Sampangiram Nagar,17,0.25
1480,12.974498,77.597108,781750.0,1435750.0,781750.0,1435750.0,111,Shantala Nagar,17,0.25
1481,12.974452,77.601713,782250.0,1435750.0,782250.0,1435750.0,111,Shantala Nagar,18,0.25
1482,12.974406,77.606319,782750.0,1435750.0,782750.0,1435750.0,111,Shantala Nagar,18,0.25
1483,12.97436,77.610925,783250.0,1435750.0,783250.0,1435750.0,111,Shantala Nagar,18,0.25
1484,12.974314,77.61553,783750.0,1435750.0,783750.0,1435750.0,90,Halsoor,18,0.25
1485,12.974267,77.620135,784250.0,1435750.0,784250.0,1435750.0,90,Halsoor,18,0.25
1486,12.974221,77.624741,784750.0,1435750.0,784750.0,1435750.0,114,Agaram,18,0.25
1487,12.974174,77.629346,785250.0,1435750.0,785250.0,1435750.0,89,Jogupalya,18,0.25
1488,12.974128,77.633952,785750.0,1435750.0,785750.0,1435750.0,89,Jogupalya,18,0.25
1489,12.974081,77.638557,786250.0,1435750.0,786250.0,1435750.0,89,Jogupalya,18,0.25
1490,12.974034,77.643163,786750.0,1435750.0,786750.0,1435750.0,80,Hoysala Nagar,18,0.25
1491,12.973988,77.647768,787250.0,1435750.0,787250.0,1435750.0,58,New Tippasandara,18,0.25
1492,12.973941,77.652373,787750.0,1435750.0,787750.0,1435750.0,58,New Tippasandara,19,0.25
1493,12.973894,77.656979,788250.0,1435750.0,788250.0,1435750.0,58,New Tippasandara,19,0.25
1494,12.973846,77.661584,788750.0,1435750.0,788750.0,1435750.0,58,New Tippasandara,19,0.25
1495,12.973799,77.666189,789250.0,1435750.0,789250.0,1435750.0,58,New Tippasandara,19,0.25
1496,12.973752,77.670794,789750.0,1435750.0,789750.0,1435750.0,81,Vijnana Nagar,19,0.25
1497,12.973705,77.6754,790250.0,1435750.0,790250.0,1435750.0,57,C V Raman Nagar,19,0.25
1498,12.973657,77.680005,790750.0,1435750.0,790750.0,1435750.0,81,Vijnana Nagar,19,0.25
1499,12.97361,77.68461,791250.0,1435750.0,791250.0,1435750.0,81,Vijnana Nagar,19,0.25
1500,12.973562,77.689215,791750.0,1435750.0,791750.0,1435750.0,85,Dodda Nekkundi,19,0.25
1501,12.973515,77.693821,792250.0,1435750.0,792250.0,1435750.0,85,Dodda Nekkundi,19,0.25
1502,12.973467,77.698426,792750.0,1435750.0,792750.0,1435750.0,85,Dodda Nekkundi,19,0.25
1503,12.973419,77.703031,793250.0,1435750.0,793250.0,1435750.0,85,Dodda Nekkundi,20,0.25
1504,12.973371,77.707636,793750.0,1435750.0,793750.0,1435750.0,85,Dodda Nekkundi,20,0.25
1505,12.973323,77.712241,794250.0,1435750.0,794250.0,1435750.0,85,Dodda Nekkundi,20,0.25
1506,12.973275,77.716846,794750.0,1435750.0,794750.0,1435750.0,85,Dodda Nekkundi,20,0.25
1507,12.973227,77.721451,795250.0,1435750.0,795250.0,1435750.0,85,Dodda Nekkundi,20,0.25
1508,12.973179,77.726056,795750.0,1435750.0,795750.0,1435750.0,85,Dodda Nekkundi,20,0.25
1509,12.97313,77.730661,796250.0,1435750.0,796250.0,1435750.0,84,Hagadur,20,0.25
1510,12.973082,77.735266,796750.0,1435750.0,796750.0,1435750.0,84,Hagadur,20,0.25
1511,12.973033,77.739871,797250.0,1435750.0,797250.0,1435750.0,84,Hagadur,20,0.25
1512,12.972985,77.744476,797750.0,1435750.0,797750.0,1435750.0,84,Hagadur,20,0.25
1513,12.972936,77.749081,798250.0,1435750.0,798250.0,1435750.0,84,Hagadur,20,0.25
1514,12.972887,77.753686,798750.0,1435750.0,798750.0,1435750.0,84,Hagadur,21,0.25
1515,12.972839,77.758291,799250.0,1435750.0,799250.0,1435750.0,84,Hagadur,21,0.25
1516,12.97279,77.762896,799750.0,1435750.0,799750.0,1435750.0,84,Hagadur,21,0.25
1517,12.972741,77.767501,800250.0,1435750.0,800250.0,1435750.0,84,Hagadur,21,0.25
1518,12.972692,77.772106,800750.0,1435750.0,800750.0,1435750.0,84,Hagadur,21,0.25
1519,12.972336,77.776314,801207.32,1435715.57,801250.0,1435750.0,84,Hagadur,21,0.19174
1520,12.970582,77.782146,801842.63,1435528.27,801750.0,1435750.0,84,Hagadur,21,0.01256
1521,12.980468,77.474175,768399.35,1436278.01,768250.0,1436250.0,72,Herohalli,15,0.096523
1522,12.980184,77.477402,768750.0,1436250.0,768750.0,1436250.0,72,Herohalli,15,0.25
1523,12.98014,77.482008,769250.0,1436250.0,769250.0,1436250.0,72,Herohalli,15,0.25
1524,12.980096,77.486615,769750.0,1436250.0,769750.0,1436250.0,72,Herohalli,15,0.25
1525,12.980052,77.491221,770250.0,1436250.0,770250.0,1436250.0,72,Herohalli,15,0.25
1526,12.980008,77.495827,770750.0,1436250.0,770750.0,1436250.0,129,Jnana Bharathi ward,15,0.25
1527,12.979963,77.500433,771250.0,1436250.0,771250.0,1436250.0,129,Jnana Bharathi ward,16,0.25
1528,12.979919,77.505039,771750.0,1436250.0,771750.0,1436250.0,129,Jnana Bharathi ward,16,0.25
1529,12.979875,77.509645,772250.0,1436250.0,772250.0,1436250.0,129,Jnana Bharathi ward,16,0.25
1530,12.97983,77.514251,772750.0,1436250.0,772750.0,1436250.0,73,Kottegepalya,16,0.25
1531,12.979786,77.518856,773250.0,1436250.0,773250.0,1436250.0,73,Kottegepalya,16,0.25
1532,12.979741,77.523462,773750.0,1436250.0,773750.0,1436250.0,103,Kaveripura,16,0.25
1533,12.979696,77.528068,774250.0,1436250.0,774250.0,1436250.0,103,Kaveripura,16,0.25
1534,12.979651,77.532674,774750.0,1436250.0,774750.0,1436250.0,104,Govindaraja Nagar,16,0.25
1535,12.979606,77.53728,775250.0,1436250.0,775250.0,1436250.0,104,Govindaraja Nagar,16,0.25
1536,12.979561,77.541886,775750.0,1436250.0,775750.0,1436250.0,105,Agrahara Dasarahalli,16,0.25
1537,12.979516,77.546492,776250.0,1436250.0,776250.0,1436250.0,106,Dr. Raj Kumar Ward,16,0.25
1538,12.979471,77.551098,776750.0,1436250.0,776750.0,1436250.0,106,Dr. Raj Kumar Ward,17,0.25
1539,12.979426,77.555703,777250.0,1436250.0,777250.0,1436250.0,108,Sriramamandir,17,0.25
1540,12.979381,77.560309,777750.0,1436250.0,777750.0,1436250.0,96,Okalipuram,17,0.25
1541,12.979335,77.564915,778250.0,1436250.0,778250.0,1436250.0,95,Subhash Nagar,17,0.25
1542,12.97929,77.569521,778750.0,1436250.0,778750.0,1436250.0,95,Subhash Nagar,17,0.25
1543,12.979244,77.574126,779250.0,1436250.0,779250.0,1436250.0,94,Gandhinagar,17,0.25
1544,12.979199,77.578732,779750.0,1436250.0,779750.0,1436250.0,94,Gandhinagar,17,0.25
1545,12.979153,77.583338,780250.0,1436250.0,780250.0,1436250.0,93,Vasanth Nagar,17,0.25
1546,12.979107,77.587944,780750.0,1436250.0,780750.0,1436250.0,110,Sampangiram Nagar,17,0.25
1547,12.979061,77.592549,781250.0,1436250.0,781250.0,1436250.0,110,Sampangiram Nagar,17,0.25
1548,12.979015,77.597155,781750.0,1436250.0,781750.0,1436250.0,110,Sampangiram Nagar,17,0.25
1549,12.978969,77.60176,782250.0,1436250.0,782250.0,1436250.0,111,Shantala Nagar,18,0.25
1550,12.978923,77.606366,782750.0,1436250.0,782750.0,1436250.0,110,Sampangiram Nagar,18,0.25
1551,12.978877,77.610972,783250.0,1436250.0,783250.0,1436250.0,110,Sampangiram Nagar,18,0.25
1552,12.97883,77.615577,783750.0,1436250.0,783750.0,1436250.0,90,Halsoor,18,0.25
1553,12.978784,77.620183,784250.0,1436250.0,784250.0,1436250.0,90,Halsoor,18,0.25
1554,12.978738,77.624788,784750.0,1436250.0,784750.0,1436250.0,90,Halsoor,18,0.25
1555,12.978691,77.629394,785250.0,1436250.0,785250.0,1436250.0,80,Hoysala Nagar,18,0.25
1556,12.978644,77.633999,785750.0,1436250.0,785750.0,1436250.0,80,Hoysala Nagar,18,0.25
1557,12.978598,77.638605,786250.0,1436250.0,786250.0,1436250.0,80,Hoysala Nagar,18,0.25
1558,12.978551,77.64321,786750.0,1436250.0,786750.0,1436250.0,80,Hoysala Nagar,18,0.25
1559,12.978504,77.647816,787250.0,1436250.0,787250.0,1436250.0,58,New Tippasandara,18,0.25
1560,12.978457,77.652421,787750.0,1436250.0,787750.0,1436250.0,58,New Tippasandara,19,0.25
1561,12.97841,77.657027,788250.0,1436250.0,788250.0,1436250.0,58,New Tippasandara,19,0.25
1562,12.978363,77.661632,788750.0,1436250.0,788750.0,1436250.0,58,New Tippasandara,19,0.25
1563,12.978316,77.666237,789250.0,1436250.0,789250.0,1436250.0,58,New Tippasandara,19,0.25
1564,12.978268,77.670843,789750.0,1436250.0,789750.0,1436250.0,57,C V Raman Nagar,19,0.25
1565,12.978221,77.675448,790250.0,1436250.0,790250.0,1436250.0,57,C V Raman Nagar,19,0.25
1566,12.978174,77.680053,790750.0,1436250.0,790750.0,1436250.0,81,Vijnana Nagar,19,0.25
1567,12.978126,77.684659,791250.0,1436250.0,791250.0,1436250.0,81,Vijnana Nagar,19,0.25
1568,12.978079,77.689264,791750.0,1436250.0,791750.0,1436250.0,85,Dodda Nekkundi,19,0.25
1569,12.978031,77.693869,792250.0,1436250.0,792250.0,1436250.0,85,Dodda Nekkundi,19,0.25
1570,12.977983,77.698474,792750.0,1436250.0,792750.0,1436250.0,85,Dodda Nekkundi,19,0.25
1571,12.977935,77.70308,793250.0,1436250.0,793250.0,1436250.0,85,Dodda Nekkundi,20,0.25
1572,12.977887,77.707685,793750.0,1436250.0,793750.0,1436250.0,85,Dodda Nekkundi,20,0.25
1573,12.977839,77.71229,794250.0,1436250.0,794250.0,1436250.0,85,Dodda Nekkundi,20,0.25
1574,12.977791,77.716895,794750.0,1436250.0,794750.0,1436250.0,82,Garudachar Playa,20,0.25
1575,12.977743,77.7215,795250.0,1436250.0,795250.0,1436250.0,82,Garudachar Playa,20,0.25
1576,12.977695,77.726106,795750.0,1436250.0,795750.0,1436250.0,82,Garudachar Playa,20,0.25
1577,12.977646,77.730711,796250.0,1436250.0,796250.0,1436250.0,82,Garudachar Playa,20,0.25
1578,12.977598,77.735316,796750.0,1436250.0,796750.0,1436250.0,82,Garudachar Playa,20,0.25
1579,12.97755,77.739921,797250.0,1436250.0,797250.0,1436250.0,82,Garudachar Playa,20,0.25
1580,12.977501,77.744526,797750.0,1436250.0,797750.0,1436250.0,83,Kadugodi,20,0.25
1581,12.977452,77.749131,798250.0,1436250.0,798250.0,1436250.0,83,Kadugodi,20,0.25
1582,12.977404,77.753736,798750.0,1436250.0,798750.0,1436250.0,83,Kadugodi,21,0.25
1583,12.977355,77.758341,799250.0,1436250.0,799250.0,1436250.0,84,Hagadur,21,0.25
1584,12.977306,77.762946,799750.0,1436250.0,799750.0,1436250.0,84,Hagadur,21,0.25
1585,12.977257,77.767551,800250.0,1436250.0,800250.0,1436250.0,84,Hagadur,21,0.25
1586,12.977208,77.772156,800750.0,1436250.0,800750.0,1436250.0,84,Hagadur,21,0.25
1587,12.977424,77.776184,801187.1,1436278.66,801250.0,1436250.0,83,Kadugodi,21,0.173109
1588,12.986412,77.469278,767861.47,1436930.8,767750.0,1436750.0,40,Dodda Bidarakallu,15,0.04275
1589,12.985049,77.473232,768292.09,1436784.01,768250.0,1436750.0,40,Dodda Bidarakallu,15,0.194814
1590,12.984701,77.477447,768750.0,1436750.0,768750.0,1436750.0,72,Herohalli,15,0.25
1591,12.984657,77.482053,769250.0,1436750.0,769250.0,1436750.0,72,Herohalli,15,0.25
1592,12.984613,77.486659,769750.0,1436750.0,769750.0,1436750.0,72,Herohalli,15,0.25
1593,12.984569,77.491266,770250.0,1436750.0,770250.0,1436750.0,72,Herohalli,15,0.25
1594,12.984525,77.495872,770750.0,1436750.0,770750.0,1436750.0,129,Jnana Bharathi ward,15,0.25
1595,12.984481,77.500478,771250.0,1436750.0,771250.0,1436750.0,129,Jnana Bharathi ward,16,0.25
1596,12.984436,77.505084,771750.0,1436750.0,771750.0,1436750.0,129,Jnana Bharathi ward,16,0.25
1597,12.984392,77.50969,772250.0,1436750.0,772250.0,1436750.0,129,Jnana Bharathi ward,16,0.25
1598,12.984347,77.514296,772750.0,1436750.0,772750.0,1436750.0,73,Kottegepalya,16,0.25
1599,12.984303,77.518902,773250.0,1436750.0,773250.0,1436750.0,73,Kottegepalya,16,0.25
1600,12.984258,77.523508,773750.0,1436750.0,773750.0,1436750.0,103,Kaveripura,16,0.25
1601,12.984213,77.528114,774250.0,1436750.0,774250.0,1436750.0,103,Kaveripura,16,0.25
1602,12.984168,77.53272,774750.0,1436750.0,774750.0,1436750.0,101,Kamakshipalya,16,0.25
1603,12.984123,77.537326,775250.0,1436750.0,775250.0,1436750.0,105,Agrahara Dasarahalli,16,0.25
1604,12.984078,77.541932,775750.0,1436750.0,775750.0,1436750.0,106,Dr. Raj Kumar Ward,16,0.25
1605,12.984033,77.546538,776250.0,1436750.0,776250.0,1436750.0,106,Dr. Raj Kumar Ward,16,0.25
1606,12.983988,77.551144,776750.0,1436750.0,776750.0,1436750.0,108,Sriramamandir,17,0.25
1607,12.983943,77.55575,777250.0,1436750.0,777250.0,1436750.0,108,Sriramamandir,17,0.25
1608,12.983897,77.560355,777750.0,1436750.0,777750.0,1436750.0,98,Prakash Nagar,17,0.25
1609,12.983852,77.564961,778250.0,1436750.0,778250.0,1436750.0,96,Okalipuram,17,0.25
1610,12.983807,77.569567,778750.0,1436750.0,778750.0,1436750.0,95,Subhash Nagar,17,0.25
1611,12.983761,77.574173,779250.0,1436750.0,779250.0,1436750.0,94,Gandhinagar,17,0.25
1612,12.983715,77.578779,779750.0,1436750.0,779750.0,1436750.0,93,Vasanth Nagar,17,0.25
1613,12.98367,77.583385,780250.0,1436750.0,780250.0,1436750.0,93,Vasanth Nagar,17,0.25
1614,12.983624,77.58799,780750.0,1436750.0,780750.0,1436750.0,110,Sampangiram Nagar,17,0.25
1615,12.983578,77.592596,781250.0,1436750.0,781250.0,1436750.0,110,Sampangiram Nagar,17,0.25
1616,12.983532,77.597202,781750.0,1436750.0,781750.0,1436750.0,110,Sampangiram Nagar,17,0.25
1617,12.983486,77.601807,782250.0,1436750.0,782250.0,1436750.0,110,Sampangiram Nagar,18,0.25
1618,12.98344,77.606413,782750.0,1436750.0,782750.0,1436750.0,110,Sampangiram Nagar,18,0.25
1619,12.983393,77.611019,783250.0,1436750.0,783250.0,1436750.0,110,Sampangiram Nagar,18,0.25
1620,12.983347,77.615624,783750.0,1436750.0,783750.0,1436750.0,90,Halsoor,18,0.25
1621,12.983301,77.62023,784250.0,1436750.0,784250.0,1436750.0,90,Halsoor,18,0.25
1622,12.983254,77.624836,784750.0,1436750.0,784750.0,1436750.0,79,Sarvagna Nagar,18,0.25
1623,12.983208,77.629441,785250.0,1436750.0,785250.0,1436750.0,79,Sarvagna Nagar,18,0.25
1624,12.983161,77.634047,785750.0,1436750.0,785750.0,1436750.0,79,Sarvagna Nagar,18,0.25
1625,12.983114,77.638653,786250.0,1436750.0,786250.0,1436750.0,80,Hoysala Nagar,18,0.25
1626,12.983067,77.643258,786750.0,1436750.0,786750.0,1436750.0,80,Hoysala Nagar,18,0.25
1627,12.983021,77.647864,787250.0,1436750.0,787250.0,1436750.0,58,New Tippasandara,18,0.25
1628,12.982974,77.652469,787750.0,1436750.0,787750.0,1436750.0,57,C V Raman Nagar,19,0.25
1629,12.982927,77.657075,788250.0,1436750.0,788250.0,1436750.0,57,C V Raman Nagar,19,0.25
1630,12.982879,77.66168,788750.0,1436750.0,788750.0,1436750.0,58,New Tippasandara,19,0.25
1631,12.982832,77.666286,789250.0,1436750.0,789250.0,1436750.0,57,C V Raman Nagar,19,0.25
1632,12.982785,77.670891,789750.0,1436750.0,789750.0,1436750.0,57,C V Raman Nagar,19,0.25
1633,12.982738,77.675496,790250.0,1436750.0,790250.0,1436750.0,57,C V Raman Nagar,19,0.25
1634,12.98269,77.680102,790750.0,1436750.0,790750.0,1436750.0,57,C V Raman Nagar,19,0.25
1635,12.982643,77.684707,791250.0,1436750.0,791250.0,1436750.0,81,Vijnana Nagar,19,0.25
1636,12.982595,77.689313,791750.0,1436750.0,791750.0,1436750.0,81,Vijnana Nagar,19,0.25
1637,12.982547,77.693918,792250.0,1436750.0,792250.0,1436750.0,81,Vijnana Nagar,19,0.25
1638,12.982499,77.698523,792750.0,1436750.0,792750.0,1436750.0,82,Garudachar Playa,19,0.25
1639,12.982452,77.703129,793250.0,1436750.0,793250.0,1436750.0,85,Dodda Nekkundi,20,0.25
1640,12.982404,77.707734,793750.0,1436750.0,793750.0,1436750.0,85,Dodda Nekkundi,20,0.25
1641,12.982356,77.712339,794250.0,1436750.0,794250.0,1436750.0,85,Dodda Nekkundi,20,0.25
1642,12.982307,77.716944,794750.0,1436750.0,794750.0,1436750.0,82,Garudachar Playa,20,0.25
1643,12.982259,77.72155,795250.0,1436750.0,795250.0,1436750.0,82,Garudachar Playa,20,0.25
1644,12.982211,77.726155,795750.0,1436750.0,795750.0,1436750.0,82,Garudachar Playa,20,0.25
1645,12.982163,77.73076,796250.0,1436750.0,796250.0,1436750.0,82,Garudachar Playa,20,0.25
1646,12.982114,77.735365,796750.0,1436750.0,796750.0,1436750.0,82,Garudachar Playa,20,0.25
1647,12.982066,77.73997,797250.0,1436750.0,797250.0,1436750.0,82,Garudachar Playa,20,0.25
1648,12.982017,77.744575,797750.0,1436750.0,797750.0,1436750.0,83,Kadugodi,20,0.25
1649,12.981968,77.749181,798250.0,1436750.0,798250.0,1436750.0,83,Kadugodi,20,0.25
1650,12.98192,77.753786,798750.0,1436750.0,798750.0,1436750.0,83,Kadugodi,21,0.25
1651,12.981871,77.758391,799250.0,1436750.0,799250.0,1436750.0,83,Kadugodi,21,0.25
1652,12.981822,77.762996,799750.0,1436750.0,799750.0,1436750.0,83,Kadugodi,21,0.25
1653,12.981773,77.767601,800250.0,1436750.0,800250.0,1436750.0,83,Kadugodi,21,0.25
1654,12.981724,77.772206,800750.0,1436750.0,800750.0,1436750.0,83,Kadugodi,21,0.25
1655,12.981367,77.775575,801116.24,1436714.43,801250.0,1436750.0,83,Kadugodi,21,0.107453
1656,12.988807,77.469473,767880.06,1437196.01,767750.0,1437250.0,40,Dodda Bidarakallu,15,0.102749
1657,12.989262,77.472886,768250.0,1437250.0,768250.0,1437250.0,40,Dodda Bidarakallu,15,0.25
1658,12.989218,77.477492,768750.0,1437250.0,768750.0,1437250.0,40,Dodda Bidarakallu,15,0.25
1659,12.989174,77.482098,769250.0,1437250.0,769250.0,1437250.0,72,Herohalli,15,0.25
1660,12.98913,77.486704,769750.0,1437250.0,769750.0,1437250.0,72,Herohalli,15,0.25
1661,12.989086,77.491311,770250.0,1437250.0,770250.0,1437250.0,72,Herohalli,15,0.25
1662,12.989042,77.495917,770750.0,1437250.0,770750.0,1437250.0,72,Herohalli,15,0.25
1663,12.988998,77.500523,771250.0,1437250.0,771250.0,1437250.0,129,Jnana Bharathi ward,16,0.25
1664,12.988953,77.505129,771750.0,1437250.0,771750.0,1437250.0,129,Jnana Bharathi ward,16,0.25
1665,12.988909,77.509735,772250.0,1437250.0,772250.0,1437250.0,73,Kottegepalya,16,0.25
1666,12.988864,77.514341,772750.0,1437250.0,772750.0,1437250.0,73,Kottegepalya,16,0.25
1667,12.98882,77.518948,773250.0,1437250.0,773250.0,1437250.0,73,Kottegepalya,16,0.25
1668,12.988775,77.523554,773750.0,1437250.0,773750.0,1437250.0,102,Vrisabhavathi Nagar,16,0.25
1669,12.98873,77.52816,774250.0,1437250.0,774250.0,1437250.0,102,Vrisabhavathi Nagar,16,0.25
1670,12.988685,77.532766,774750.0,1437250.0,774750.0,1437250.0,101,Kamakshipalya,16,0.25
1671,12.98864,77.537372,775250.0,1437250.0,775250.0,1437250.0,101,Kamakshipalya,16,0.25
1672,12.988595,77.541978,775750.0,1437250.0,775750.0,1437250.0,100,Basaveshwara Nagar,16,0.25
1673,12.98855,77.546584,776250.0,1437250.0,776250.0,1437250.0,107,Shivanagara,16,0.25
1674,12.988505,77.55119,776750.0,1437250.0,776750.0,1437250.0,107,Shivanagara,17,0.25
1675,12.98846,77.555796,777250.0,1437250.0,777250.0,1437250.0,108,Sriramamandir,17,0.25
1676,12.988414,77.560402,777750.0,1437250.0,777750.0,1437250.0,98,Prakash Nagar,17,0.25
1677,12.988369,77.565008,778250.0,1437250.0,778250.0,1437250.0,97,Dayananda Nagar,17,0.25
1678,12.988323,77.569614,778750.0,1437250.0,778750.0,1437250.0,95,Subhash Nagar,17,0.25
1679,12.988278,77.574219,779250.0,1437250.0,779250.0,1437250.0,94,Gandhinagar,17,0.25
1680,12.988232,77.578825,779750.0,1437250.0,779750.0,1437250.0,93,Vasanth Nagar,17,0.25
1681,12.988186,77.583431,780250.0,1437250.0,780250.0,1437250.0,93,Vasanth Nagar,17,0.25
1682,12.98814,77.588037,780750.0,1437250.0,780750.0,1437250.0,93,Vasanth Nagar,17,0.25
1683,12.988094,77.592643,781250.0,1437250.0,781250.0,1437250.0,110,Sampangiram Nagar,17,0.25
1684,12.988048,77.597249,781750.0,1437250.0,781750.0,1437250.0,93,Vasanth Nagar,17,0.25
1685,12.988002,77.601855,782250.0,1437250.0,782250.0,1437250.0,63,Jayamahal,18,0.25
1686,12.987956,77.60646,782750.0,1437250.0,782750.0,1437250.0,92,Shivaji Nagar,18,0.25
1687,12.98791,77.611066,783250.0,1437250.0,783250.0,1437250.0,91,Bharathi Nagar,18,0.25
1688,12.987864,77.615672,783750.0,1437250.0,783750.0,1437250.0,91,Bharathi Nagar,18,0.25
1689,12.987817,77.620277,784250.0,1437250.0,784250.0,1437250.0,79,Sarvagna Nagar,18,0.25
1690,12.987771,77.624883,784750.0,1437250.0,784750.0,1437250.0,79,Sarvagna Nagar,18,0.25
1691,12.987724,77.629489,785250.0,1437250.0,785250.0,1437250.0,79,Sarvagna Nagar,18,0.25
1692,12.987678,77.634095,785750.0,1437250.0,785750.0,1437250.0,79,Sarvagna Nagar,18,0.25
1693,12.987631,77.6387,786250.0,1437250.0,786250.0,1437250.0,79,Sarvagna Nagar,18,0.25
1694,12.987584,77.643306,786750.0,1437250.0,786750.0,1437250.0,79,Sarvagna Nagar,18,0.25
1695,12.987537,77.647911,787250.0,1437250.0,787250.0,1437250.0,79,Sarvagna Nagar,18,0.25
1696,12.98749,77.652517,787750.0,1437250.0,787750.0,1437250.0,57,C V Raman Nagar,19,0.25
1697,12.987443,77.657123,788250.0,1437250.0,788250.0,1437250.0,57,C V Raman Nagar,19,0.25
1698,12.987396,77.661728,788750.0,1437250.0,788750.0,1437250.0,57,C V Raman Nagar,19,0.25
1699,12.987349,77.666334,789250.0,1437250.0,789250.0,1437250.0,57,C V Raman Nagar,19,0.25
1700,12.987301,77.670939,789750.0,1437250.0,789750.0,1437250.0,56,A Narayanapura,19,0.25
1701,12.987254,77.675545,790250.0,1437250.0,790250.0,1437250.0,81,Vijnana Nagar,19,0.25
1702,12.987206,77.68015,790750.0,1437250.0,790750.0,1437250.0,81,Vijnana Nagar,19,0.25
1703,12.987159,77.684756,791250.0,1437250.0,791250.0,1437250.0,81,Vijnana Nagar,19,0.25
1704,12.987111,77.689361,791750.0,1437250.0,791750.0,1437250.0,81,Vijnana Nagar,19,0.25
1705,12.987064,77.693967,792250.0,1437250.0,792250.0,1437250.0,81,Vijnana Nagar,19,0.25
1706,12.987016,77.698572,792750.0,1437250.0,792750.0,1437250.0,82,Garudachar Playa,19,0.25
1707,12.986968,77.703177,793250.0,1437250.0,793250.0,1437250.0,82,Garudachar Playa,20,0.25
1708,12.98692,77.707783,793750.0,1437250.0,793750.0,1437250.0,82,Garudachar Playa,20,0.25
1709,12.986872,77.712388,794250.0,1437250.0,794250.0,1437250.0,82,Garudachar Playa,20,0.25
1710,12.986824,77.716993,794750.0,1437250.0,794750.0,1437250.0,82,Garudachar Playa,20,0.25
1711,12.986776,77.721599,795250.0,1437250.0,795250.0,1437250.0,82,Garudachar Playa,20,0.25
1712,12.986727,77.726204,795750.0,1437250.0,795750.0,1437250.0,82,Garudachar Playa,20,0.25
1713,12.986679,77.730809,796250.0,1437250.0,796250.0,1437250.0,82,Garudachar Playa,20,0.25
1714,12.98663,77.735415,796750.0,1437250.0,796750.0,1437250.0,54,Hudi,20,0.25
1715,12.986582,77.74002,797250.0,1437250.0,797250.0,1437250.0,82,Garudachar Playa,20,0.25
1716,12.986533,77.744625,797750.0,1437250.0,797750.0,1437250.0,83,Kadugodi,20,0.25
1717,12.986485,77.74923,798250.0,1437250.0,798250.0,1437250.0,83,Kadugodi,20,0.25
1718,12.986436,77.753835,798750.0,1437250.0,798750.0,1437250.0,83,Kadugodi,21,0.25
1719,12.986387,77.758441,799250.0,1437250.0,799250.0,1437250.0,83,Kadugodi,21,0.25
1720,12.986338,77.763046,799750.0,1437250.0,799750.0,1437250.0,83,Kadugodi,21,0.25
1721,12.986289,77.767651,800250.0,1437250.0,800250.0,1437250.0,83,Kadugodi,21,0.25
1722,12.98624,77.772256,800750.0,1437250.0,800750.0,1437250.0,83,Kadugodi,21,0.25
1723,12.985972,77.775326,801083.65,1437223.92,801250.0,1437250.0,83,Kadugodi,21,0.079669
1724,12.992779,77.470361,767972.2,1437636.6,767750.0,1437750.0,40,Dodda Bidarakallu,15,0.016706
1725,12.993753,77.472956,768252.77,1437747.12,768250.0,1437750.0,40,Dodda Bidarakallu,15,0.246864
1726,12.993735,77.477537,768750.0,1437750.0,768750.0,1437750.0,40,Dodda Bidarakallu,15,0.25
1727,12.993691,77.482143,769250.0,1437750.0,769250.0,1437750.0,72,Herohalli,15,0.25
1728,12.993647,77.486749,769750.0,1437750.0,769750.0,1437750.0,72,Herohalli,15,0.25
1729,12.993603,77.491356,770250.0,1437750.0,770250.0,1437750.0,72,Herohalli,15,0.25
1730,12.993559,77.495962,770750.0,1437750.0,770750.0,1437750.0,72,Herohalli,15,0.25
1731,12.993515,77.500568,771250.0,1437750.0,771250.0,1437750.0,71,Hegganahalli,16,0.25
1732,12.99347,77.505174,771750.0,1437750.0,771750.0,1437750.0,73,Kottegepalya,16,0.25
1733,12.993426,77.509781,772250.0,1437750.0,772250.0,1437750.0,73,Kottegepalya,16,0.25
1734,12.993381,77.514387,772750.0,1437750.0,772750.0,1437750.0,73,Kottegepalya,16,0.25
1735,12.993337,77.518993,773250.0,1437750.0,773250.0,1437750.0,73,Kottegepalya,16,0.25
1736,12.993292,77.523599,773750.0,1437750.0,773750.0,1437750.0,102,Vrisabhavathi Nagar,16,0.25
1737,12.993247,77.528205,774250.0,1437750.0,774250.0,1437750.0,102,Vrisabhavathi Nagar,16,0.25
1738,12.993202,77.532812,774750.0,1437750.0,774750.0,1437750.0,74,Shakthi Ganapathi Nagar,16,0.25
1739,12.993157,77.537418,775250.0,1437750.0,775250.0,1437750.0,74,Shakthi Ganapathi Nagar,16,0.25
1740,12.993112,77.542024,775750.0,1437750.0,775750.0,1437750.0,100,Basaveshwara Nagar,16,0.25
1741,12.993067,77.54663,776250.0,1437750.0,776250.0,1437750.0,107,Shivanagara,16,0.25
1742,12.993022,77.551236,776750.0,1437750.0,776750.0,1437750.0,99,Rajaji Nagar,17,0.25
1743,12.992976,77.555842,777250.0,1437750.0,777250.0,1437750.0,99,Rajaji Nagar,17,0.25
1744,12.992931,77.560448,777750.0,1437750.0,777750.0,1437750.0,97,Dayananda Nagar,17,0.25
1745,12.992886,77.565054,778250.0,1437750.0,778250.0,1437750.0,97,Dayananda Nagar,17,0.25
1746,12.99284,77.56966,778750.0,1437750.0,778750.0,1437750.0,95,Subhash Nagar,17,0.25
1747,12.992794,77.574266,779250.0,1437750.0,779250.0,1437750.0,77,Dattatreya Temple,17,0.25
1748,12.992749,77.578872,779750.0,1437750.0,779750.0,1437750.0,93,Vasanth Nagar,17,0.25
1749,12.992703,77.583478,780250.0,1437750.0,780250.0,1437750.0,93,Vasanth Nagar,17,0.25
1750,12.992657,77.588084,780750.0,1437750.0,780750.0,1437750.0,93,Vasanth Nagar,17,0.25
1751,12.992611,77.59269,781250.0,1437750.0,781250.0,1437750.0,93,Vasanth Nagar,17,0.25
1752,12.992565,77.597296,781750.0,1437750.0,781750.0,1437750.0,63,Jayamahal,17,0.25
1753,12.992519,77.601902,782250.0,1437750.0,782250.0,1437750.0,63,Jayamahal,18,0.25
1754,12.992473,77.606507,782750.0,1437750.0,782750.0,1437750.0,78,Pulikeshinagar,18,0.25
1755,12.992427,77.611113,783250.0,1437750.0,783250.0,1437750.0,78,Pulikeshinagar,18,0.25
1756,12.99238,77.615719,783750.0,1437750.0,783750.0,1437750.0,78,Pulikeshinagar,18,0.25
1757,12.992334,77.620325,784250.0,1437750.0,784250.0,1437750.0,79,Sarvagna Nagar,18,0.25
1758,12.992287,77.624931,784750.0,1437750.0,784750.0,1437750.0,79,Sarvagna Nagar,18,0.25
1759,12.992241,77.629536,785250.0,1437750.0,785250.0,1437750.0,79,Sarvagna Nagar,18,0.25
1760,12.992194,77.634142,785750.0,1437750.0,785750.0,1437750.0,79,Sarvagna Nagar,18,0.25
1761,12.992147,77.638748,786250.0,1437750.0,786250.0,1437750.0,79,Sarvagna Nagar,18,0.25
1762,12.9921,77.643354,786750.0,1437750.0,786750.0,1437750.0,50,Benniganahalli,18,0.25
1763,12.992054,77.647959,787250.0,1437750.0,787250.0,1437750.0,50,Benniganahalli,18,0.25
1764,12.992007,77.652565,787750.0,1437750.0,787750.0,1437750.0,50,Benniganahalli,19,0.25
1765,12.991959,77.657171,788250.0,1437750.0,788250.0,1437750.0,50,Benniganahalli,19,0.25
1766,12.991912,77.661776,788750.0,1437750.0,788750.0,1437750.0,57,C V Raman Nagar,19,0.25
1767,12.991865,77.666382,789250.0,1437750.0,789250.0,1437750.0,56,A Narayanapura,19,0.25
1768,12.991818,77.670988,789750.0,1437750.0,789750.0,1437750.0,56,A Narayanapura,19,0.25
1769,12.99177,77.675593,790250.0,1437750.0,790250.0,1437750.0,56,A Narayanapura,19,0.25
1770,12.991723,77.680199,790750.0,1437750.0,790750.0,1437750.0,81,Vijnana Nagar,19,0.25
1771,12.991675,77.684804,791250.0,1437750.0,791250.0,1437750.0,81,Vijnana Nagar,19,0.25
1772,12.991628,77.68941,791750.0,1437750.0,791750.0,1437750.0,81,Vijnana Nagar,19,0.25
1773,12.99158,77.694015,792250.0,1437750.0,792250.0,1437750.0,82,Garudachar Playa,19,0.25
1774,12.991532,77.698621,792750.0,1437750.0,792750.0,1437750.0,82,Garudachar Playa,19,0.25
1775,12.991484,77.703226,793250.0,1437750.0,793250.0,1437750.0,82,Garudachar Playa,20,0.25
1776,12.991436,77.707832,793750.0,1437750.0,793750.0,1437750.0,82,Garudachar Playa,20,0.25
1777,12.991388,77.712437,794250.0,1437750.0,794250.0,1437750.0,54,Hudi,20,0.25
1778,12.99134,77.717043,794750.0,1437750.0,794750.0,1437750.0,82,Garudachar Playa,20,0.25
1779,12.991292,77.721648,795250.0,1437750.0,795250.0,1437750.0,54,Hudi,20,0.25
1780,12.991243,77.726253,795750.0,1437750.0,795750.0,1437750.0,54,Hudi,20,0.25
1781,12.991195,77.730859,796250.0,1437750.0,796250.0,1437750.0,54,Hudi,20,0.25
1782,12.991147,77.735464,796750.0,1437750.0,796750.0,1437750.0,83,Kadugodi,20,0.25
1783,12.991098,77.740069,797250.0,1437750.0,797250.0,1437750.0,83,Kadugodi,20,0.25
1784,12.991049,77.744675,797750.0,1437750.0,797750.0,1437750.0,83,Kadugodi,20,0.25
1785,12.991001,77.74928,798250.0,1437750.0,798250.0,1437750.0,83,Kadugodi,20,0.25
1786,12.990952,77.753885,798750.0,1437750.0,798750.0,1437750.0,83,Kadugodi,21,0.25
1787,12.990903,77.758491,799250.0,1437750.0,799250.0,1437750.0,83,Kadugodi,21,0.25
1788,12.990854,77.763096,799750.0,1437750.0,799750.0,1437750.0,83,Kadugodi,21,0.25
1789,12.990805,77.767701,800250.0,1437750.0,800250.0,1437750.0,83,Kadugodi,21,0.25
1790,12.990756,77.772306,800750.0,1437750.0,800750.0,1437750.0,83,Kadugodi,21,0.25
1791,12.990562,77.775139,801057.72,1437731.92,801250.0,1437750.0,83,Kadugodi,21,0.055979
1792,12.998185,77.473863,768346.43,1438238.63,768250.0,1438250.0,40,Dodda Bidarakallu,15,0.150016
1793,12.998252,77.477582,768750.0,1438250.0,768750.0,1438250.0,40,Dodda Bidarakallu,15,0.25
1794,12.998208,77.482188,769250.0,1438250.0,769250.0,1438250.0,40,Dodda Bidarakallu,15,0.25
1795,12.998164,77.486794,769750.0,1438250.0,769750.0,1438250.0,72,Herohalli,15,0.25
1796,12.99812,77.491401,770250.0,1438250.0,770250.0,1438250.0,72,Herohalli,15,0.25
1797,12.998076,77.496007,770750.0,1438250.0,770750.0,1438250.0,72,Herohalli,15,0.25
1798,12.998032,77.500613,771250.0,1438250.0,771250.0,1438250.0,71,Hegganahalli,16,0.25
1799,12.997987,77.50522,771750.0,1438250.0,771750.0,1438250.0,71,Hegganahalli,16,0.25
1800,12.997943,77.509826,772250.0,1438250.0,772250.0,1438250.0,70,Rajagopal Nagar,16,0.25
1801,12.997898,77.514432,772750.0,1438250.0,772750.0,1438250.0,73,Kottegepalya,16,0.25
1802,12.997853,77.519039,773250.0,1438250.0,773250.0,1438250.0,73,Kottegepalya,16,0.25
1803,12.997809,77.523645,773750.0,1438250.0,773750.0,1438250.0,73,Kottegepalya,16,0.25
1804,12.997764,77.528251,774250.0,1438250.0,774250.0,1438250.0,74,Shakthi Ganapathi Nagar,16,0.25
1805,12.997719,77.532857,774750.0,1438250.0,774750.0,1438250.0,75,Shankar Matt,16,0.25
1806,12.997674,77.537464,775250.0,1438250.0,775250.0,1438250.0,75,Shankar Matt,16,0.25
1807,12.997629,77.54207,775750.0,1438250.0,775750.0,1438250.0,99,Rajaji Nagar,16,0.25
1808,12.997584,77.546676,776250.0,1438250.0,776250.0,1438250.0,67,Nagapura,16,0.25
1809,12.997539,77.551282,776750.0,1438250.0,776750.0,1438250.0,99,Rajaji Nagar,17,0.25
1810,12.997493,77.555888,777250.0,1438250.0,777250.0,1438250.0,98,Prakash Nagar,17,0.25
1811,12.997448,77.560494,777750.0,1438250.0,777750.0,1438250.0,76,Gayithri Nagar,17,0.25
1812,12.997402,77.5651,778250.0,1438250.0,778250.0,1438250.0,76,Gayithri Nagar,17,0.25
1813,12.997357,77.569707,778750.0,1438250.0,778750.0,1438250.0,65,Kadu Malleshwar Ward,17,0.25
1814,12.997311,77.574313,779250.0,1438250.0,779250.0,1438250.0,77,Dattatreya Temple,17,0.25
1815,12.997266,77.578919,779750.0,1438250.0,779750.0,1438250.0,64,Rajamahal Guttahalli,17,0.25
1816,12.99722,77.583525,780250.0,1438250.0,780250.0,1438250.0,93,Vasanth Nagar,17,0.25
1817,12.997174,77.588131,780750.0,1438250.0,780750.0,1438250.0,35,Aramane Nagara,17,0.25
1818,12.997128,77.592737,781250.0,1438250.0,781250.0,1438250.0,35,Aramane Nagara,17,0.25
1819,12.997082,77.597343,781750.0,1438250.0,781750.0,1438250.0,63,Jayamahal,17,0.25
1820,12.997036,77.601949,782250.0,1438250.0,782250.0,1438250.0,63,Jayamahal,18,0.25
1821,12.99699,77.606555,782750.0,1438250.0,782750.0,1438250.0,63,Jayamahal,18,0.25
1822,12.996943,77.61116,783250.0,1438250.0,783250.0,1438250.0,78,Pulikeshinagar,18,0.25
1823,12.996897,77.615766,783750.0,1438250.0,783750.0,1438250.0,78,Pulikeshinagar,18,0.25
1824,12.99685,77.620372,784250.0,1438250.0,784250.0,1438250.0,79,Sarvagna Nagar,18,0.25
1825,12.996804,77.624978,784750.0,1438250.0,784750.0,1438250.0,59,Maruthi Seva Nagar,18,0.25
1826,12.996757,77.629584,785250.0,1438250.0,785250.0,1438250.0,59,Maruthi Seva Nagar,18,0.25
1827,12.996711,77.63419,785750.0,1438250.0,785750.0,1438250.0,59,Maruthi Seva Nagar,18,0.25
1828,12.996664,77.638796,786250.0,1438250.0,786250.0,1438250.0,59,Maruthi Seva Nagar,18,0.25
1829,12.996617,77.643401,786750.0,1438250.0,786750.0,1438250.0,50,Benniganahalli,18,0.25
1830,12.99657,77.648007,787250.0,1438250.0,787250.0,1438250.0,50,Benniganahalli,18,0.25
1831,12.996523,77.652613,787750.0,1438250.0,787750.0,1438250.0,50,Benniganahalli,19,0.25
1832,12.996476,77.657219,788250.0,1438250.0,788250.0,1438250.0,50,Benniganahalli,19,0.25
1833,12.996429,77.661824,788750.0,1438250.0,788750.0,1438250.0,50,Benniganahalli,19,0.25
1834,12.996381,77.66643,789250.0,1438250.0,789250.0,1438250.0,56,A Narayanapura,19,0.25
1835,12.996334,77.671036,789750.0,1438250.0,789750.0,1438250.0,56,A Narayanapura,19,0.25
1836,12.996287,77.675642,790250.0,1438250.0,790250.0,1438250.0,56,A Narayanapura,19,0.25
1837,12.996239,77.680247,790750.0,1438250.0,790750.0,1438250.0,56,A Narayanapura,19,0.25
1838,12.996192,77.684853,791250.0,1438250.0,791250.0,1438250.0,55,Devasandra,19,0.25
1839,12.996144,77.689458,791750.0,1438250.0,791750.0,1438250.0,55,Devasandra,19,0.25
1840,12.996096,77.694064,792250.0,1438250.0,792250.0,1438250.0,55,Devasandra,19,0.25
1841,12.996048,77.69867,792750.0,1438250.0,792750.0,1438250.0,55,Devasandra,19,0.25
1842,12.996,77.703275,793250.0,1438250.0,793250.0,1438250.0,82,Garudachar Playa,20,0.25
1843,12.995952,77.707881,793750.0,1438250.0,793750.0,1438250.0,54,Hudi,20,0.25
1844,12.995904,77.712486,794250.0,1438250.0,794250.0,1438250.0,54,Hudi,20,0.25
1845,12.995856,77.717092,794750.0,1438250.0,794750.0,1438250.0,54,Hudi,20,0.25
1846,12.995808,77.721697,795250.0,1438250.0,795250.0,1438250.0,54,Hudi,20,0.25
1847,12.99576,77.726303,795750.0,1438250.0,795750.0,1438250.0,54,Hudi,20,0.25
1848,12.995711,77.730908,796250.0,1438250.0,796250.0,1438250.0,54,Hudi,20,0.25
1849,12.995663,77.735514,796750.0,1438250.0,796750.0,1438250.0,83,Kadugodi,20,0.25
1850,12.995614,77.740119,797250.0,1438250.0,797250.0,1438250.0,83,Kadugodi,20,0.25
1851,12.995566,77.744724,797750.0,1438250.0,797750.0,1438250.0,83,Kadugodi,20,0.25
1852,12.995517,77.74933,798250.0,1438250.0,798250.0,1438250.0,83,Kadugodi,20,0.25
1853,12.995468,77.753935,798750.0,1438250.0,798750.0,1438250.0,83,Kadugodi,21,0.25
1854,12.995419,77.75854,799250.0,1438250.0,799250.0,1438250.0,83,Kadugodi,21,0.25
1855,12.99537,77.763146,799750.0,1438250.0,799750.0,1438250.0,83,Kadugodi,21,0.25
1856,12.995321,77.767751,800250.0,1438250.0,800250.0,1438250.0,83,Kadugodi,21,0.25
1857,12.995236,77.772303,800744.22,1438245.94,800750.0,1438250.0,83,Kadugodi,21,0.243928
1858,12.994082,77.775095,801048.71,1438121.47,801250.0,1438250.0,83,Kadugodi,21,0.026261
1859,13.002859,77.474364,768395.86,1438756.44,768250.0,1438750.0,40,Dodda Bidarakallu,22,0.103265
1860,13.00277,77.477626,768750.0,1438750.0,768750.0,1438750.0,40,Dodda Bidarakallu,22,0.25
1861,13.002726,77.482233,769250.0,1438750.0,769250.0,1438750.0,40,Dodda Bidarakallu,22,0.25
1862,13.002681,77.486839,769750.0,1438750.0,769750.0,1438750.0,40,Dodda Bidarakallu,22,0.25
1863,13.002637,77.491446,770250.0,1438750.0,770250.0,1438750.0,72,Herohalli,22,0.25
1864,13.002593,77.496052,770750.0,1438750.0,770750.0,1438750.0,71,Hegganahalli,22,0.25
1865,13.002549,77.500659,771250.0,1438750.0,771250.0,1438750.0,71,Hegganahalli,23,0.25
1866,13.002504,77.505265,771750.0,1438750.0,771750.0,1438750.0,71,Hegganahalli,23,0.25
1867,13.00246,77.509872,772250.0,1438750.0,772250.0,1438750.0,70,Rajagopal Nagar,23,0.25
1868,13.002415,77.514478,772750.0,1438750.0,772750.0,1438750.0,70,Rajagopal Nagar,23,0.25
1869,13.00237,77.519084,773250.0,1438750.0,773250.0,1438750.0,69,Laggere,23,0.25
1870,13.002326,77.523691,773750.0,1438750.0,773750.0,1438750.0,69,Laggere,23,0.25
1871,13.002281,77.528297,774250.0,1438750.0,774250.0,1438750.0,69,Laggere,23,0.25
1872,13.002236,77.532903,774750.0,1438750.0,774750.0,1438750.0,75,Shankar Matt,23,0.25
1873,13.002191,77.53751,775250.0,1438750.0,775250.0,1438750.0,68,Mahalakshimpuram,23,0.25
1874,13.002146,77.542116,775750.0,1438750.0,775750.0,1438750.0,67,Nagapura,23,0.25
1875,13.002101,77.546722,776250.0,1438750.0,776250.0,1438750.0,67,Nagapura,23,0.25
1876,13.002055,77.551328,776750.0,1438750.0,776750.0,1438750.0,67,Nagapura,24,0.25
1877,13.00201,77.555934,777250.0,1438750.0,777250.0,1438750.0,66,Subramanya Nagar,24,0.25
1878,13.001965,77.560541,777750.0,1438750.0,777750.0,1438750.0,66,Subramanya Nagar,24,0.25
1879,13.001919,77.565147,778250.0,1438750.0,778250.0,1438750.0,65,Kadu Malleshwar Ward,24,0.25
1880,13.001874,77.569753,778750.0,1438750.0,778750.0,1438750.0,65,Kadu Malleshwar Ward,24,0.25
1881,13.001828,77.574359,779250.0,1438750.0,779250.0,1438750.0,64,Rajamahal Guttahalli,24,0.25
1882,13.001782,77.578965,779750.0,1438750.0,779750.0,1438750.0,64,Rajamahal Guttahalli,24,0.25
1883,13.001736,77.583571,780250.0,1438750.0,780250.0,1438750.0,64,Rajamahal Guttahalli,24,0.25
1884,13.001691,77.588178,780750.0,1438750.0,780750.0,1438750.0,35,Aramane Nagara,24,0.25
1885,13.001645,77.592784,781250.0,1438750.0,781250.0,1438750.0,35,Aramane Nagara,24,0.25
1886,13.001599,77.59739,781750.0,1438750.0,781750.0,1438750.0,63,Jayamahal,24,0.25
1887,13.001552,77.601996,782250.0,1438750.0,782250.0,1438750.0,62,Ramaswamy Palya,25,0.25
1888,13.001506,77.606602,782750.0,1438750.0,782750.0,1438750.0,61,S K Garden,25,0.25
1889,13.00146,77.611208,783250.0,1438750.0,783250.0,1438750.0,61,S K Garden,25,0.25
1890,13.001414,77.615814,783750.0,1438750.0,783750.0,1438750.0,78,Pulikeshinagar,25,0.25
1891,13.001367,77.62042,784250.0,1438750.0,784250.0,1438750.0,59,Maruthi Seva Nagar,25,0.25
1892,13.001321,77.625026,784750.0,1438750.0,784750.0,1438750.0,59,Maruthi Seva Nagar,25,0.25
1893,13.001274,77.629632,785250.0,1438750.0,785250.0,1438750.0,59,Maruthi Seva Nagar,25,0.25
1894,13.001227,77.634237,785750.0,1438750.0,785750.0,1438750.0,59,Maruthi Seva Nagar,25,0.25
1895,13.00118,77.638843,786250.0,1438750.0,786250.0,1438750.0,59,Maruthi Seva Nagar,25,0.25
1896,13.001134,77.643449,786750.0,1438750.0,786750.0,1438750.0,50,Benniganahalli,25,0.25
1897,13.001087,77.648055,787250.0,1438750.0,787250.0,1438750.0,50,Benniganahalli,25,0.25
1898,13.00104,77.652661,787750.0,1438750.0,787750.0,1438750.0,50,Benniganahalli,26,0.25
1899,13.000992,77.657267,788250.0,1438750.0,788250.0,1438750.0,50,Benniganahalli,26,0.25
1900,13.000945,77.661873,788750.0,1438750.0,788750.0,1438750.0,50,Benniganahalli,26,0.25
1901,13.000898,77.666478,789250.0,1438750.0,789250.0,1438750.0,51,Vijnanapura,26,0.25
1902,13.000851,77.671084,789750.0,1438750.0,789750.0,1438750.0,51,Vijnanapura,26,0.25
1903,13.000803,77.67569,790250.0,1438750.0,790250.0,1438750.0,51,Vijnanapura,26,0.25
1904,13.000756,77.680296,790750.0,1438750.0,790750.0,1438750.0,55,Devasandra,26,0.25
1905,13.000708,77.684901,791250.0,1438750.0,791250.0,1438750.0,55,Devasandra,26,0.25
1906,13.00066,77.689507,791750.0,1438750.0,791750.0,1438750.0,55,Devasandra,26,0.25
1907,13.000613,77.694113,792250.0,1438750.0,792250.0,1438750.0,55,Devasandra,26,0.25
1908,13.000565,77.698718,792750.0,1438750.0,792750.0,1438750.0,55,Devasandra,26,0.25
1909,13.000517,77.703324,793250.0,1438750.0,793250.0,1438750.0,53,Basavanapura,27,0.25
1910,13.000469,77.70793,793750.0,1438750.0,793750.0,1438750.0,54,Hudi,27,0.25
1911,13.000421,77.712535,794250.0,1438750.0,794250.0,1438750.0,54,Hudi,27,0.25
1912,13.000372,77.717141,794750.0,1438750.0,794750.0,1438750.0,54,Hudi,27,0.25
1913,13.000324,77.721746,795250.0,1438750.0,795250.0,1438750.0,54,Hudi,27,0.25
1914,13.000276,77.726352,795750.0,1438750.0,795750.0,1438750.0,54,Hudi,27,0.25
1915,13.000227,77.730958,796250.0,1438750.0,796250.0,1438750.0,54,Hudi,27,0.25
1916,13.000179,77.735563,796750.0,1438750.0,796750.0,1438750.0,54,Hudi,27,0.25
1917,13.00013,77.740169,797250.0,1438750.0,797250.0,1438750.0,54,Hudi,27,0.25
1918,13.000082,77.744774,797750.0,1438750.0,797750.0,1438750.0,54,Hudi,27,0.25
1919,13.000033,77.749379,798250.0,1438750.0,798250.0,1438750.0,54,Hudi,27,0.25
1920,12.999984,77.753985,798750.0,1438750.0,798750.0,1438750.0,83,Kadugodi,21,0.25
1921,12.999935,77.75859,799250.0,1438750.0,799250.0,1438750.0,83,Kadugodi,21,0.25
1922,12.999886,77.763196,799750.0,1438750.0,799750.0,1438750.0,83,Kadugodi,21,0.25
1923,12.999837,77.767801,800250.0,1438750.0,800250.0,1438750.0,83,Kadugodi,21,0.25
1924,12.999679,77.772284,800736.84,1438737.75,800750.0,1438750.0,83,Kadugodi,21,0.233219
1925,12.99864,77.774767,801007.69,1438625.68,801250.0,1438750.0,83,Kadugodi,21,0.002512
1926,13.008856,77.470464,767966.14,1439416.13,767750.0,1439250.0,40,Dodda Bidarakallu,22,0.011358
1927,13.007652,77.473767,768325.87,1439286.31,768250.0,1439250.0,40,Dodda Bidarakallu,22,0.148069
1928,13.007287,77.477671,768750.0,1439250.0,768750.0,1439250.0,40,Dodda Bidarakallu,22,0.25
1929,13.007243,77.482278,769250.0,1439250.0,769250.0,1439250.0,40,Dodda Bidarakallu,22,0.25
1930,13.007198,77.486884,769750.0,1439250.0,769750.0,1439250.0,40,Dodda Bidarakallu,22,0.25
1931,13.007154,77.491491,770250.0,1439250.0,770250.0,1439250.0,40,Dodda Bidarakallu,22,0.25
1932,13.00711,77.496098,770750.0,1439250.0,770750.0,1439250.0,71,Hegganahalli,22,0.25
1933,13.007066,77.500704,771250.0,1439250.0,771250.0,1439250.0,71,Hegganahalli,23,0.25
1934,13.007021,77.50531,771750.0,1439250.0,771750.0,1439250.0,71,Hegganahalli,23,0.25
1935,13.006977,77.509917,772250.0,1439250.0,772250.0,1439250.0,70,Rajagopal Nagar,23,0.25
1936,13.006932,77.514523,772750.0,1439250.0,772750.0,1439250.0,70,Rajagopal Nagar,23,0.25
1937,13.006887,77.51913,773250.0,1439250.0,773250.0,1439250.0,69,Laggere,23,0.25
1938,13.006843,77.523736,773750.0,1439250.0,773750.0,1439250.0,69,Laggere,23,0.25
1939,13.006798,77.528343,774250.0,1439250.0,774250.0,1439250.0,69,Laggere,23,0.25
1940,13.006753,77.532949,774750.0,1439250.0,774750.0,1439250.0,43,Nandini Layout,23,0.25
1941,13.006708,77.537555,775250.0,1439250.0,775250.0,1439250.0,43,Nandini Layout,23,0.25
1942,13.006663,77.542162,775750.0,1439250.0,775750.0,1439250.0,68,Mahalakshimpuram,23,0.25
1943,13.006618,77.546768,776250.0,1439250.0,776250.0,1439250.0,67,Nagapura,23,0.25
1944,13.006572,77.551374,776750.0,1439250.0,776750.0,1439250.0,67,Nagapura,24,0.25
1945,13.006527,77.555981,777250.0,1439250.0,777250.0,1439250.0,66,Subramanya Nagar,24,0.25
1946,13.006482,77.560587,777750.0,1439250.0,777750.0,1439250.0,45,Malleswaram,24,0.25
1947,13.006436,77.565193,778250.0,1439250.0,778250.0,1439250.0,45,Malleswaram,24,0.25
1948,13.00639,77.5698,778750.0,1439250.0,778750.0,1439250.0,35,Aramane Nagara,24,0.25
1949,13.006345,77.574406,779250.0,1439250.0,779250.0,1439250.0,65,Kadu Malleshwar Ward,24,0.25
1950,13.006299,77.579012,779750.0,1439250.0,779750.0,1439250.0,35,Aramane Nagara,24,0.25
1951,13.006253,77.583618,780250.0,1439250.0,780250.0,1439250.0,35,Aramane Nagara,24,0.25
1952,13.006207,77.588224,780750.0,1439250.0,780750.0,1439250.0,35,Aramane Nagara,24,0.25
1953,13.006161,77.592831,781250.0,1439250.0,781250.0,1439250.0,35,Aramane Nagara,24,0.25
1954,13.006115,77.597437,781750.0,1439250.0,781750.0,1439250.0,62,Ramaswamy Palya,24,0.25
1955,13.006069,77.602043,782250.0,1439250.0,782250.0,1439250.0,62,Ramaswamy Palya,25,0.25
1956,13.006023,77.606649,782750.0,1439250.0,782750.0,1439250.0,61,S K Garden,25,0.25
1957,13.005977,77.611255,783250.0,1439250.0,783250.0,1439250.0,61,S K Garden,25,0.25
1958,13.00593,77.615861,783750.0,1439250.0,783750.0,1439250.0,60,Sagayarapuram,25,0.25
1959,13.005884,77.620467,784250.0,1439250.0,784250.0,1439250.0,60,Sagayarapuram,25,0.25
1960,13.005837,77.625073,784750.0,1439250.0,784750.0,1439250.0,59,Maruthi Seva Nagar,25,0.25
1961,13.00579,77.629679,785250.0,1439250.0,785250.0,1439250.0,49,Lingarajapura,25,0.25
1962,13.005744,77.634285,785750.0,1439250.0,785750.0,1439250.0,28,Kammanahalli,25,0.25
1963,13.005697,77.638891,786250.0,1439250.0,786250.0,1439250.0,27,Banasavadi,25,0.25
1964,13.00565,77.643497,786750.0,1439250.0,786750.0,1439250.0,50,Benniganahalli,25,0.25
1965,13.005603,77.648103,787250.0,1439250.0,787250.0,1439250.0,50,Benniganahalli,25,0.25
1966,13.005556,77.652709,787750.0,1439250.0,787750.0,1439250.0,50,Benniganahalli,26,0.25
1967,13.005509,77.657315,788250.0,1439250.0,788250.0,1439250.0,50,Benniganahalli,26,0.25
1968,13.005462,77.661921,788750.0,1439250.0,788750.0,1439250.0,50,Benniganahalli,26,0.25
1969,13.005414,77.666527,789250.0,1439250.0,789250.0,1439250.0,51,Vijnanapura,26,0.25
1970,13.005367,77.671133,789750.0,1439250.0,789750.0,1439250.0,51,Vijnanapura,26,0.25
1971,13.00532,77.675738,790250.0,1439250.0,790250.0,1439250.0,55,Devasandra,26,0.25
1972,13.005272,77.680344,790750.0,1439250.0,790750.0,1439250.0,55,Devasandra,26,0.25
1973,13.005224,77.68495,791250.0,1439250.0,791250.0,1439250.0,55,Devasandra,26,0.25
1974,13.005177,77.689556,791750.0,1439250.0,791750.0,1439250.0,55,Devasandra,26,0.25
1975,13.005129,77.694162,792250.0,1439250.0,792250.0,1439250.0,55,Devasandra,26,0.25
1976,13.005081,77.698767,792750.0,1439250.0,792750.0,1439250.0,55,Devasandra,26,0.25
1977,13.005033,77.703373,793250.0,1439250.0,793250.0,1439250.0,53,Basavanapura,27,0.25
1978,13.004985,77.707979,793750.0,1439250.0,793750.0,1439250.0,53,Basavanapura,27,0.25
1979,13.004937,77.712584,794250.0,1439250.0,794250.0,1439250.0,53,Basavanapura,27,0.25
1980,13.004889,77.71719,794750.0,1439250.0,794750.0,1439250.0,53,Basavanapura,27,0.25
1981,13.00484,77.721796,795250.0,1439250.0,795250.0,1439250.0,54,Hudi,27,0.25
1982,13.004792,77.726401,795750.0,1439250.0,795750.0,1439250.0,54,Hudi,27,0.25
1983,13.004744,77.731007,796250.0,1439250.0,796250.0,1439250.0,54,Hudi,27,0.25
1984,13.004695,77.735613,796750.0,1439250.0,796750.0,1439250.0,54,Hudi,27,0.25
1985,13.004647,77.740218,797250.0,1439250.0,797250.0,1439250.0,54,Hudi,27,0.25
1986,13.004598,77.744824,797750.0,1439250.0,797750.0,1439250.0,54,Hudi,27,0.25
1987,13.004549,77.749429,798250.0,1439250.0,798250.0,1439250.0,54,Hudi,27,0.25
1988,13.0045,77.754035,798750.0,1439250.0,798750.0,1439250.0,54,Hudi,28,0.25
1989,13.004265,77.758445,799229.05,1439229.17,799250.0,1439250.0,54,Hudi,28,0.2227
1990,13.003347,77.762972,799721.54,1439132.83,799750.0,1439250.0,83,Kadugodi,28,0.127789
1991,13.003344,77.76837,800307.59,1439138.92,800250.0,1439250.0,83,Kadugodi,28,0.096476
1992,13.004461,77.772282,800730.85,1439267.16,800750.0,1439250.0,83,Kadugodi,28,0.217929
1993,13.004678,77.775158,801042.76,1439294.64,801250.0,1439250.0,83,Kadugodi,28,0.027344
1994,13.009835,77.470508,767969.82,1439524.54,767750.0,1439750.0,40,Dodda Bidarakallu,22,0.003155
1995,13.011498,77.473663,768310.49,1439711.86,768250.0,1439750.0,40,Dodda Bidarakallu,22,0.176671
1996,13.011804,77.477716,768750.0,1439750.0,768750.0,1439750.0,40,Dodda Bidarakallu,22,0.25
1997,13.01176,77.482323,769250.0,1439750.0,769250.0,1439750.0,40,Dodda Bidarakallu,22,0.25
1998,13.011716,77.486929,769750.0,1439750.0,769750.0,1439750.0,40,Dodda Bidarakallu,22,0.25
1999,13.011671,77.491536,770250.0,1439750.0,770250.0,1439750.0,40,Dodda Bidarakallu,22,0.25
2000,13.011627,77.496143,770750.0,1439750.0,770750.0,1439750.0,40,Dodda Bidarakallu,22,0.25
2001,13.011583,77.500749,771250.0,1439750.0,771250.0,1439750.0,41,Peenya Industrial Area,23,0.25
2002,13.011538,77.505356,771750.0,1439750.0,771750.0,1439750.0,41,Peenya Industrial Area,23,0.25
2003,13.011494,77.509962,772250.0,1439750.0,772250.0,1439750.0,70,Rajagopal Nagar,23,0.25
2004,13.011449,77.514569,772750.0,1439750.0,772750.0,1439750.0,70,Rajagopal Nagar,23,0.25
2005,13.011404,77.519175,773250.0,1439750.0,773250.0,1439750.0,69,Laggere,23,0.25
2006,13.01136,77.523782,773750.0,1439750.0,773750.0,1439750.0,69,Laggere,23,0.25
2007,13.011315,77.528388,774250.0,1439750.0,774250.0,1439750.0,43,Nandini Layout,23,0.25
2008,13.01127,77.532995,774750.0,1439750.0,774750.0,1439750.0,43,Nandini Layout,23,0.25
2009,13.011225,77.537601,775250.0,1439750.0,775250.0,1439750.0,43,Nandini Layout,23,0.25
2010,13.01118,77.542208,775750.0,1439750.0,775750.0,1439750.0,68,Mahalakshimpuram,23,0.25
2011,13.011134,77.546814,776250.0,1439750.0,776250.0,1439750.0,44,Marappana Palya,23,0.25
2012,13.011089,77.551421,776750.0,1439750.0,776750.0,1439750.0,67,Nagapura,24,0.25
2013,13.011044,77.556027,777250.0,1439750.0,777250.0,1439750.0,66,Subramanya Nagar,24,0.25
2014,13.010998,77.560633,777750.0,1439750.0,777750.0,1439750.0,45,Malleswaram,24,0.25
2015,13.010953,77.56524,778250.0,1439750.0,778250.0,1439750.0,45,Malleswaram,24,0.25
2016,13.010907,77.569846,778750.0,1439750.0,778750.0,1439750.0,35,Aramane Nagara,24,0.25
2017,13.010862,77.574452,779250.0,1439750.0,779250.0,1439750.0,35,Aramane Nagara,24,0.25
2018,13.010816,77.579059,779750.0,1439750.0,779750.0,1439750.0,35,Aramane Nagara,24,0.25
2019,13.01077,77.583665,780250.0,1439750.0,780250.0,1439750.0,35,Aramane Nagara,24,0.25
2020,13.010724,77.588271,780750.0,1439750.0,780750.0,1439750.0,35,Aramane Nagara,24,0.25
2021,13.010678,77.592877,781250.0,1439750.0,781250.0,1439750.0,46,Jayachamarajendra Nagar,24,0.25
2022,13.010632,77.597484,781750.0,1439750.0,781750.0,1439750.0,47,Devara Jeevanahalli,24,0.25
2023,13.010586,77.60209,782250.0,1439750.0,782250.0,1439750.0,47,Devara Jeevanahalli,25,0.25
2024,13.010539,77.606696,782750.0,1439750.0,782750.0,1439750.0,61,S K Garden,25,0.25
2025,13.010493,77.611302,783250.0,1439750.0,783250.0,1439750.0,48,Muneshwara Nagar,25,0.25
2026,13.010447,77.615908,783750.0,1439750.0,783750.0,1439750.0,31,Kushal Nagar,25,0.25
2027,13.0104,77.620515,784250.0,1439750.0,784250.0,1439750.0,30,Kadugondanahalli,25,0.25
2028,13.010354,77.625121,784750.0,1439750.0,784750.0,1439750.0,49,Lingarajapura,25,0.25
2029,13.010307,77.629727,785250.0,1439750.0,785250.0,1439750.0,49,Lingarajapura,25,0.25
2030,13.01026,77.634333,785750.0,1439750.0,785750.0,1439750.0,28,Kammanahalli,25,0.25
2031,13.010213,77.638939,786250.0,1439750.0,786250.0,1439750.0,28,Kammanahalli,25,0.25
2032,13.010167,77.643545,786750.0,1439750.0,786750.0,1439750.0,27,Banasavadi,25,0.25
2033,13.01012,77.648151,787250.0,1439750.0,787250.0,1439750.0,27,Banasavadi,25,0.25
2034,13.010072,77.652757,787750.0,1439750.0,787750.0,1439750.0,27,Banasavadi,26,0.25
2035,13.010025,77.657363,788250.0,1439750.0,788250.0,1439750.0,27,Banasavadi,26,0.25
2036,13.009978,77.661969,788750.0,1439750.0,788750.0,1439750.0,50,Benniganahalli,26,0.25
2037,13.009931,77.666575,789250.0,1439750.0,789250.0,1439750.0,51,Vijnanapura,26,0.25
2038,13.009883,77.671181,789750.0,1439750.0,789750.0,1439750.0,51,Vijnanapura,26,0.25
2039,13.009836,77.675787,790250.0,1439750.0,790250.0,1439750.0,51,Vijnanapura,26,0.25
2040,13.009788,77.680393,790750.0,1439750.0,790750.0,1439750.0,55,Devasandra,26,0.25
2041,13.009741,77.684999,791250.0,1439750.0,791250.0,1439750.0,52,K R Puram,26,0.25
2042,13.009693,77.689604,791750.0,1439750.0,791750.0,1439750.0,52,K R Puram,26,0.25
2043,13.009645,77.69421,792250.0,1439750.0,792250.0,1439750.0,52,K R Puram,26,0.25
2044,13.009597,77.698816,792750.0,1439750.0,792750.0,1439750.0,52,K R Puram,26,0.25
2045,13.009549,77.703422,793250.0,1439750.0,793250.0,1439750.0,53,Basavanapura,27,0.25
2046,13.009501,77.708028,793750.0,1439750.0,793750.0,1439750.0,53,Basavanapura,27,0.25
2047,13.009453,77.712634,794250.0,1439750.0,794250.0,1439750.0,53,Basavanapura,27,0.25
2048,13.009405,77.717239,794750.0,1439750.0,794750.0,1439750.0,53,Basavanapura,27,0.25
2049,13.009357,77.721845,795250.0,1439750.0,795250.0,1439750.0,54,Hudi,27,0.25
2050,13.009308,77.726451,795750.0,1439750.0,795750.0,1439750.0,54,Hudi,27,0.25
2051,13.00926,77.731056,796250.0,1439750.0,796250.0,1439750.0,54,Hudi,27,0.25
2052,13.008929,77.73537,796718.65,1439718.43,796750.0,1439750.0,54,Hudi,27,0.205534
2053,13.008027,77.740087,797231.76,1439624.12,797250.0,1439750.0,54,Hudi,27,0.121928
2054,13.007843,77.744916,797756.16,1439609.39,797750.0,1439750.0,54,Hudi,27,0.10875
2055,13.008705,77.74952,798254.83,1439710.13,798250.0,1439750.0,54,Hudi,27,0.209851
2056,13.008402,77.753986,798740.0,1439681.89,798750.0,1439750.0,54,Hudi,28,0.176031
2057,13.007752,77.757635,799136.94,1439614.18,799250.0,1439750.0,54,Hudi,28,0.06937
2058,13.008799,77.769718,800447.26,1439744.42,800250.0,1439750.0,83,Kadugodi,28,0.050944
2059,13.008869,77.771776,800670.64,1439754.57,800750.0,1439750.0,83,Kadugodi,28,0.169673
2060,13.015082,77.474986,768450.17,1440109.93,768250.0,1440250.0,40,Dodda Bidarakallu,22,0.024629
2061,13.016294,77.477792,768753.38,1440247.12,768750.0,1440250.0,40,Dodda Bidarakallu,22,0.246445
2062,13.016277,77.482368,769250.0,1440250.0,769250.0,1440250.0,40,Dodda Bidarakallu,22,0.25
2063,13.016233,77.486975,769750.0,1440250.0,769750.0,1440250.0,40,Dodda Bidarakallu,22,0.25
2064,13.016188,77.491581,770250.0,1440250.0,770250.0,1440250.0,40,Dodda Bidarakallu,22,0.25
2065,13.016144,77.496188,770750.0,1440250.0,770750.0,1440250.0,40,Dodda Bidarakallu,22,0.25
2066,13.0161,77.500795,771250.0,1440250.0,771250.0,1440250.0,41,Peenya Industrial Area,23,0.25
2067,13.016055,77.505401,771750.0,1440250.0,771750.0,1440250.0,41,Peenya Industrial Area,23,0.25
2068,13.016011,77.510008,772250.0,1440250.0,772250.0,1440250.0,41,Peenya Industrial Area,23,0.25
2069,13.015966,77.514615,772750.0,1440250.0,772750.0,1440250.0,41,Peenya Industrial Area,23,0.25
2070,13.015921,77.519221,773250.0,1440250.0,773250.0,1440250.0,41,Peenya Industrial Area,23,0.25
2071,13.015877,77.523828,773750.0,1440250.0,773750.0,1440250.0,42,Lakshmi Devi Nagar,23,0.25
2072,13.015832,77.528434,774250.0,1440250.0,774250.0,1440250.0,42,Lakshmi Devi Nagar,23,0.25
2073,13.015787,77.533041,774750.0,1440250.0,774750.0,1440250.0,43,Nandini Layout,23,0.25
2074,13.015742,77.537647,775250.0,1440250.0,775250.0,1440250.0,43,Nandini Layout,23,0.25
2075,13.015696,77.542254,775750.0,1440250.0,775750.0,1440250.0,44,Marappana Palya,23,0.25
2076,13.015651,77.54686,776250.0,1440250.0,776250.0,1440250.0,44,Marappana Palya,23,0.25
2077,13.015606,77.551467,776750.0,1440250.0,776750.0,1440250.0,44,Marappana Palya,24,0.25
2078,13.015561,77.556073,777250.0,1440250.0,777250.0,1440250.0,45,Malleswaram,24,0.25
2079,13.015515,77.56068,777750.0,1440250.0,777750.0,1440250.0,45,Malleswaram,24,0.25
2080,13.01547,77.565286,778250.0,1440250.0,778250.0,1440250.0,35,Aramane Nagara,24,0.25
2081,13.015424,77.569893,778750.0,1440250.0,778750.0,1440250.0,35,Aramane Nagara,24,0.25
2082,13.015378,77.574499,779250.0,1440250.0,779250.0,1440250.0,35,Aramane Nagara,24,0.25
2083,13.015333,77.579105,779750.0,1440250.0,779750.0,1440250.0,35,Aramane Nagara,24,0.25
2084,13.015287,77.583712,780250.0,1440250.0,780250.0,1440250.0,35,Aramane Nagara,24,0.25
2085,13.015241,77.588318,780750.0,1440250.0,780750.0,1440250.0,34,Gangenahalli,24,0.25
2086,13.015195,77.592924,781250.0,1440250.0,781250.0,1440250.0,46,Jayachamarajendra Nagar,24,0.25
2087,13.015149,77.597531,781750.0,1440250.0,781750.0,1440250.0,47,Devara Jeevanahalli,24,0.25
2088,13.015102,77.602137,782250.0,1440250.0,782250.0,1440250.0,47,Devara Jeevanahalli,25,0.25
2089,13.015056,77.606743,782750.0,1440250.0,782750.0,1440250.0,47,Devara Jeevanahalli,25,0.25
2090,13.01501,77.61135,783250.0,1440250.0,783250.0,1440250.0,48,Muneshwara Nagar,25,0.25
2091,13.014963,77.615956,783750.0,1440250.0,783750.0,1440250.0,31,Kushal Nagar,25,0.25
2092,13.014917,77.620562,784250.0,1440250.0,784250.0,1440250.0,30,Kadugondanahalli,25,0.25
2093,13.01487,77.625168,784750.0,1440250.0,784750.0,1440250.0,24,HBR Layout,25,0.25
2094,13.014824,77.629774,785250.0,1440250.0,785250.0,1440250.0,29,Kacharkanahalli,25,0.25
2095,13.014777,77.634381,785750.0,1440250.0,785750.0,1440250.0,29,Kacharkanahalli,25,0.25
2096,13.01473,77.638987,786250.0,1440250.0,786250.0,1440250.0,29,Kacharkanahalli,25,0.25
2097,13.014683,77.643593,786750.0,1440250.0,786750.0,1440250.0,27,Banasavadi,25,0.25
2098,13.014636,77.648199,787250.0,1440250.0,787250.0,1440250.0,27,Banasavadi,25,0.25
2099,13.014589,77.652805,787750.0,1440250.0,787750.0,1440250.0,27,Banasavadi,26,0.25
2100,13.014542,77.657411,788250.0,1440250.0,788250.0,1440250.0,27,Banasavadi,26,0.25
2101,13.014495,77.662017,788750.0,1440250.0,788750.0,1440250.0,27,Banasavadi,26,0.25
2102,13.014447,77.666623,789250.0,1440250.0,789250.0,1440250.0,25,Horamavu,26,0.25
2103,13.0144,77.671229,789750.0,1440250.0,789750.0,1440250.0,25,Horamavu,26,0.25
2104,13.014352,77.675835,790250.0,1440250.0,790250.0,1440250.0,25,Horamavu,26,0.25
2105,13.014305,77.680441,790750.0,1440250.0,790750.0,1440250.0,26,Ramamurthy Nagar,26,0.25
2106,13.014257,77.685047,791250.0,1440250.0,791250.0,1440250.0,52,K R Puram,26,0.25
2107,13.014209,77.689653,791750.0,1440250.0,791750.0,1440250.0,52,K R Puram,26,0.25
2108,13.014162,77.694259,792250.0,1440250.0,792250.0,1440250.0,52,K R Puram,26,0.25
2109,13.014114,77.698865,792750.0,1440250.0,792750.0,1440250.0,52,K R Puram,26,0.25
2110,13.014066,77.703471,793250.0,1440250.0,793250.0,1440250.0,52,K R Puram,27,0.25
2111,13.014018,77.708077,793750.0,1440250.0,793750.0,1440250.0,52,K R Puram,27,0.25
2112,13.013969,77.712683,794250.0,1440250.0,794250.0,1440250.0,53,Basavanapura,27,0.25
2113,13.013921,77.717288,794750.0,1440250.0,794750.0,1440250.0,53,Basavanapura,27,0.25
2114,13.013873,77.721894,795250.0,1440250.0,795250.0,1440250.0,53,Basavanapura,27,0.25
2115,13.013812,77.726179,795715.12,1440248.27,795750.0,1440250.0,53,Basavanapura,27,0.214126
2116,13.011798,77.731158,796257.98,1440031.11,796250.0,1440250.0,54,Hudi,27,0.031
2117,13.011934,77.734915,796665.61,1440050.55,796750.0,1440250.0,54,Hudi,27,0.026746
2118,13.012767,77.769845,800456.25,1440183.8,800250.0,1440250.0,83,Kadugodi,28,0.031003
2119,13.013138,77.771922,800681.33,1440227.28,800750.0,1440250.0,83,Kadugodi,28,0.168555
2120,13.020701,77.478377,768812.17,1440735.4,768750.0,1440750.0,40,Dodda Bidarakallu,22,0.185545
2121,13.020794,77.482413,769250.0,1440750.0,769250.0,1440750.0,40,Dodda Bidarakallu,22,0.25
2122,13.02075,77.48702,769750.0,1440750.0,769750.0,1440750.0,40,Dodda Bidarakallu,22,0.25
2123,13.020705,77.491626,770250.0,1440750.0,770250.0,1440750.0,40,Dodda Bidarakallu,22,0.25
2124,13.020661,77.496233,770750.0,1440750.0,770750.0,1440750.0,41,Peenya Industrial Area,22,0.25
2125,13.020617,77.50084,771250.0,1440750.0,771250.0,1440750.0,41,Peenya Industrial Area,23,0.25
2126,13.020572,77.505447,771750.0,1440750.0,771750.0,1440750.0,41,Peenya Industrial Area,23,0.25
2127,13.020528,77.510053,772250.0,1440750.0,772250.0,1440750.0,41,Peenya Industrial Area,23,0.25
2128,13.020483,77.51466,772750.0,1440750.0,772750.0,1440750.0,41,Peenya Industrial Area,23,0.25
2129,13.020438,77.519267,773250.0,1440750.0,773250.0,1440750.0,41,Peenya Industrial Area,23,0.25
2130,13.020393,77.523873,773750.0,1440750.0,773750.0,1440750.0,41,Peenya Industrial Area,23,0.25
2131,13.020349,77.52848,774250.0,1440750.0,774250.0,1440750.0,42,Lakshmi Devi Nagar,23,0.25
2132,13.020304,77.533087,774750.0,1440750.0,774750.0,1440750.0,43,Nandini Layout,23,0.25
2133,13.020259,77.537693,775250.0,1440750.0,775250.0,1440750.0,42,Lakshmi Devi Nagar,23,0.25
2134,13.020213,77.5423,775750.0,1440750.0,775750.0,1440750.0,44,Marappana Palya,23,0.25
2135,13.020168,77.546907,776250.0,1440750.0,776250.0,1440750.0,44,Marappana Palya,23,0.25
2136,13.020123,77.551513,776750.0,1440750.0,776750.0,1440750.0,44,Marappana Palya,24,0.25
2137,13.020077,77.55612,777250.0,1440750.0,777250.0,1440750.0,45,Malleswaram,24,0.25
2138,13.020032,77.560726,777750.0,1440750.0,777750.0,1440750.0,45,Malleswaram,24,0.25
2139,13.019986,77.565333,778250.0,1440750.0,778250.0,1440750.0,35,Aramane Nagara,24,0.25
2140,13.019941,77.569939,778750.0,1440750.0,778750.0,1440750.0,35,Aramane Nagara,24,0.25
2141,13.019895,77.574546,779250.0,1440750.0,779250.0,1440750.0,35,Aramane Nagara,24,0.25
2142,13.019849,77.579152,779750.0,1440750.0,779750.0,1440750.0,35,Aramane Nagara,24,0.25
2143,13.019803,77.583759,780250.0,1440750.0,780250.0,1440750.0,35,Aramane Nagara,24,0.25
2144,13.019757,77.588365,780750.0,1440750.0,780750.0,1440750.0,34,Gangenahalli,24,0.25
2145,13.019711,77.592971,781250.0,1440750.0,781250.0,1440750.0,33,Manorayanapalya,24,0.25
2146,13.019665,77.597578,781750.0,1440750.0,781750.0,1440750.0,46,Jayachamarajendra Nagar,24,0.25
2147,13.019619,77.602184,782250.0,1440750.0,782250.0,1440750.0,47,Devara Jeevanahalli,25,0.25
2148,13.019573,77.606791,782750.0,1440750.0,782750.0,1440750.0,47,Devara Jeevanahalli,25,0.25
2149,13.019526,77.611397,783250.0,1440750.0,783250.0,1440750.0,31,Kushal Nagar,25,0.25
2150,13.01948,77.616003,783750.0,1440750.0,783750.0,1440750.0,31,Kushal Nagar,25,0.25
2151,13.019433,77.62061,784250.0,1440750.0,784250.0,1440750.0,30,Kadugondanahalli,25,0.25
2152,13.019387,77.625216,784750.0,1440750.0,784750.0,1440750.0,24,HBR Layout,25,0.25
2153,13.01934,77.629822,785250.0,1440750.0,785250.0,1440750.0,29,Kacharkanahalli,25,0.25
2154,13.019293,77.634428,785750.0,1440750.0,785750.0,1440750.0,29,Kacharkanahalli,25,0.25
2155,13.019246,77.639035,786250.0,1440750.0,786250.0,1440750.0,29,Kacharkanahalli,25,0.25
2156,13.0192,77.643641,786750.0,1440750.0,786750.0,1440750.0,27,Banasavadi,25,0.25
2157,13.019153,77.648247,787250.0,1440750.0,787250.0,1440750.0,27,Banasavadi,25,0.25
2158,13.019105,77.652853,787750.0,1440750.0,787750.0,1440750.0,27,Banasavadi,26,0.25
2159,13.019058,77.657459,788250.0,1440750.0,788250.0,1440750.0,25,Horamavu,26,0.25
2160,13.019011,77.662065,788750.0,1440750.0,788750.0,1440750.0,25,Horamavu,26,0.25
2161,13.018964,77.666672,789250.0,1440750.0,789250.0,1440750.0,25,Horamavu,26,0.25
2162,13.018916,77.671278,789750.0,1440750.0,789750.0,1440750.0,25,Horamavu,26,0.25
2163,13.018869,77.675884,790250.0,1440750.0,790250.0,1440750.0,25,Horamavu,26,0.25
2164,13.018821,77.68049,790750.0,1440750.0,790750.0,1440750.0,26,Ramamurthy Nagar,26,0.25
2165,13.018773,77.685096,791250.0,1440750.0,791250.0,1440750.0,26,Ramamurthy Nagar,26,0.25
2166,13.018726,77.689702,791750.0,1440750.0,791750.0,1440750.0,26,Ramamurthy Nagar,26,0.25
2167,13.018678,77.694308,792250.0,1440750.0,792250.0,1440750.0,52,K R Puram,26,0.25
2168,13.01863,77.698914,792750.0,1440750.0,792750.0,1440750.0,52,K R Puram,26,0.25
2169,13.018582,77.70352,793250.0,1440750.0,793250.0,1440750.0,52,K R Puram,27,0.25
2170,13.018534,77.708126,793750.0,1440750.0,793750.0,1440750.0,52,K R Puram,27,0.25
2171,13.018486,77.712732,794250.0,1440750.0,794250.0,1440750.0,53,Basavanapura,27,0.25
2172,13.018437,77.717338,794750.0,1440750.0,794750.0,1440750.0,53,Basavanapura,27,0.25
2173,13.018389,77.721944,795250.0,1440750.0,795250.0,1440750.0,53,Basavanapura,27,0.25
2174,13.018351,77.726539,795748.88,1440751.07,795750.0,1440750.0,53,Basavanapura,27,0.248829
2175,13.018908,77.729315,796049.55,1440816.07,796250.0,1440750.0,53,Basavanapura,27,0.035208
2176,13.015769,77.771788,800663.59,1440518.46,800750.0,1440750.0,83,Kadugodi,28,0.005607
2177,13.025262,77.478378,768807.26,1441240.3,768750.0,1441250.0,40,Dodda Bidarakallu,22,0.19154
2178,13.025311,77.482458,769250.0,1441250.0,769250.0,1441250.0,40,Dodda Bidarakallu,22,0.25
2179,13.025267,77.487065,769750.0,1441250.0,769750.0,1441250.0,40,Dodda Bidarakallu,22,0.25
2180,13.025222,77.491672,770250.0,1441250.0,770250.0,1441250.0,40,Dodda Bidarakallu,22,0.25
2181,13.025178,77.496278,770750.0,1441250.0,770750.0,1441250.0,41,Peenya Industrial Area,22,0.25
2182,13.025134,77.500885,771250.0,1441250.0,771250.0,1441250.0,41,Peenya Industrial Area,23,0.25
2183,13.025089,77.505492,771750.0,1441250.0,771750.0,1441250.0,41,Peenya Industrial Area,23,0.25
2184,13.025045,77.510099,772250.0,1441250.0,772250.0,1441250.0,41,Peenya Industrial Area,23,0.25
2185,13.025,77.514706,772750.0,1441250.0,772750.0,1441250.0,41,Peenya Industrial Area,23,0.25
2186,13.024955,77.519312,773250.0,1441250.0,773250.0,1441250.0,41,Peenya Industrial Area,23,0.25
2187,13.02491,77.523919,773750.0,1441250.0,773750.0,1441250.0,38,HMT Ward,23,0.25
2188,13.024865,77.528526,774250.0,1441250.0,774250.0,1441250.0,38,HMT Ward,23,0.25
2189,13.02482,77.533133,774750.0,1441250.0,774750.0,1441250.0,42,Lakshmi Devi Nagar,23,0.25
2190,13.024775,77.537739,775250.0,1441250.0,775250.0,1441250.0,38,HMT Ward,23,0.25
2191,13.02473,77.542346,775750.0,1441250.0,775750.0,1441250.0,42,Lakshmi Devi Nagar,23,0.25
2192,13.024685,77.546953,776250.0,1441250.0,776250.0,1441250.0,44,Marappana Palya,23,0.25
2193,13.02464,77.551559,776750.0,1441250.0,776750.0,1441250.0,37,Yeshwanthpura,24,0.25
2194,13.024594,77.556166,777250.0,1441250.0,777250.0,1441250.0,37,Yeshwanthpura,24,0.25
2195,13.024549,77.560773,777750.0,1441250.0,777750.0,1441250.0,36,Mattikere,24,0.25
2196,13.024503,77.565379,778250.0,1441250.0,778250.0,1441250.0,35,Aramane Nagara,24,0.25
2197,13.024458,77.569986,778750.0,1441250.0,778750.0,1441250.0,35,Aramane Nagara,24,0.25
2198,13.024412,77.574592,779250.0,1441250.0,779250.0,1441250.0,35,Aramane Nagara,24,0.25
2199,13.024366,77.579199,779750.0,1441250.0,779750.0,1441250.0,35,Aramane Nagara,24,0.25
2200,13.02432,77.583805,780250.0,1441250.0,780250.0,1441250.0,20,Ganga Nagar,24,0.25
2201,13.024274,77.588412,780750.0,1441250.0,780750.0,1441250.0,20,Ganga Nagar,24,0.25
2202,13.024228,77.593018,781250.0,1441250.0,781250.0,1441250.0,33,Manorayanapalya,24,0.25
2203,13.024182,77.597625,781750.0,1441250.0,781750.0,1441250.0,46,Jayachamarajendra Nagar,24,0.25
2204,13.024136,77.602231,782250.0,1441250.0,782250.0,1441250.0,32,Kaval Bairasandra,25,0.25
2205,13.024089,77.606838,782750.0,1441250.0,782750.0,1441250.0,32,Kaval Bairasandra,25,0.25
2206,13.024043,77.611444,783250.0,1441250.0,783250.0,1441250.0,32,Kaval Bairasandra,25,0.25
2207,13.023997,77.616051,783750.0,1441250.0,783750.0,1441250.0,23,Nagavara,25,0.25
2208,13.02395,77.620657,784250.0,1441250.0,784250.0,1441250.0,23,Nagavara,25,0.25
2209,13.023903,77.625263,784750.0,1441250.0,784750.0,1441250.0,24,HBR Layout,25,0.25
2210,13.023857,77.62987,785250.0,1441250.0,785250.0,1441250.0,24,HBR Layout,25,0.25
2211,13.02381,77.634476,785750.0,1441250.0,785750.0,1441250.0,29,Kacharkanahalli,25,0.25
2212,13.023763,77.639082,786250.0,1441250.0,786250.0,1441250.0,29,Kacharkanahalli,25,0.25
2213,13.023716,77.643689,786750.0,1441250.0,786750.0,1441250.0,27,Banasavadi,25,0.25
2214,13.023669,77.648295,787250.0,1441250.0,787250.0,1441250.0,25,Horamavu,25,0.25
2215,13.023622,77.652901,787750.0,1441250.0,787750.0,1441250.0,25,Horamavu,26,0.25
2216,13.023575,77.657507,788250.0,1441250.0,788250.0,1441250.0,25,Horamavu,26,0.25
2217,13.023527,77.662114,788750.0,1441250.0,788750.0,1441250.0,25,Horamavu,26,0.25
2218,13.02348,77.66672,789250.0,1441250.0,789250.0,1441250.0,25,Horamavu,26,0.25
2219,13.023433,77.671326,789750.0,1441250.0,789750.0,1441250.0,25,Horamavu,26,0.25
2220,13.023385,77.675932,790250.0,1441250.0,790250.0,1441250.0,26,Ramamurthy Nagar,26,0.25
2221,13.023337,77.680538,790750.0,1441250.0,790750.0,1441250.0,26,Ramamurthy Nagar,26,0.25
2222,13.02329,77.685145,791250.0,1441250.0,791250.0,1441250.0,54,Hudi,26,0.25
2223,13.023242,77.689751,791750.0,1441250.0,791750.0,1441250.0,26,Ramamurthy Nagar,26,0.25
2224,13.023194,77.694357,792250.0,1441250.0,792250.0,1441250.0,52,K R Puram,26,0.25
2225,13.023146,77.698963,792750.0,1441250.0,792750.0,1441250.0,52,K R Puram,26,0.25
2226,13.023098,77.703569,793250.0,1441250.0,793250.0,1441250.0,52,K R Puram,27,0.25
2227,13.02305,77.708175,793750.0,1441250.0,793750.0,1441250.0,52,K R Puram,27,0.25
2228,13.023002,77.712781,794250.0,1441250.0,794250.0,1441250.0,52,K R Puram,27,0.25
2229,13.022954,77.717387,794750.0,1441250.0,794750.0,1441250.0,53,Basavanapura,27,0.25
2230,13.022905,77.721993,795250.0,1441250.0,795250.0,1441250.0,53,Basavanapura,27,0.25
2231,13.022626,77.726239,795711.16,1441224.0,795750.0,1441250.0,53,Basavanapura,27,0.204021
2232,13.020665,77.728924,796005.0,1441010.05,796250.0,1441250.0,53,Basavanapura,27,0.000225
2233,13.030002,77.478575,768823.61,1441765.14,768750.0,1441750.0,40,Dodda Bidarakallu,22,0.171517
2234,13.029828,77.482503,769250.0,1441750.0,769250.0,1441750.0,40,Dodda Bidarakallu,22,0.25
2235,13.029784,77.48711,769750.0,1441750.0,769750.0,1441750.0,40,Dodda Bidarakallu,22,0.25
2236,13.02974,77.491717,770250.0,1441750.0,770250.0,1441750.0,40,Dodda Bidarakallu,22,0.25
2237,13.029695,77.496324,770750.0,1441750.0,770750.0,1441750.0,40,Dodda Bidarakallu,22,0.25
2238,13.029651,77.500931,771250.0,1441750.0,771250.0,1441750.0,41,Peenya Industrial Area,23,0.25
2239,13.029606,77.505538,771750.0,1441750.0,771750.0,1441750.0,41,Peenya Industrial Area,23,0.25
2240,13.029562,77.510144,772250.0,1441750.0,772250.0,1441750.0,41,Peenya Industrial Area,23,0.25
2241,13.029517,77.514751,772750.0,1441750.0,772750.0,1441750.0,41,Peenya Industrial Area,23,0.25
2242,13.029472,77.519358,773250.0,1441750.0,773250.0,1441750.0,38,HMT Ward,23,0.25
2243,13.029427,77.523965,773750.0,1441750.0,773750.0,1441750.0,38,HMT Ward,23,0.25
2244,13.029382,77.528572,774250.0,1441750.0,774250.0,1441750.0,38,HMT Ward,23,0.25
2245,13.029337,77.533179,774750.0,1441750.0,774750.0,1441750.0,38,HMT Ward,23,0.25
2246,13.029292,77.537785,775250.0,1441750.0,775250.0,1441750.0,38,HMT Ward,23,0.25
2247,13.029247,77.542392,775750.0,1441750.0,775750.0,1441750.0,38,HMT Ward,23,0.25
2248,13.029202,77.546999,776250.0,1441750.0,776250.0,1441750.0,38,HMT Ward,23,0.25
2249,13.029157,77.551606,776750.0,1441750.0,776750.0,1441750.0,37,Yeshwanthpura,24,0.25
2250,13.029111,77.556212,777250.0,1441750.0,777250.0,1441750.0,17,J P Park,24,0.25
2251,13.029066,77.560819,777750.0,1441750.0,777750.0,1441750.0,36,Mattikere,24,0.25
2252,13.02902,77.565426,778250.0,1441750.0,778250.0,1441750.0,35,Aramane Nagara,24,0.25
2253,13.028974,77.570032,778750.0,1441750.0,778750.0,1441750.0,35,Aramane Nagara,24,0.25
2254,13.028929,77.574639,779250.0,1441750.0,779250.0,1441750.0,18,Radhakrishna Temple Ward,24,0.25
2255,13.028883,77.579246,779750.0,1441750.0,779750.0,1441750.0,20,Ganga Nagar,24,0.25
2256,13.028837,77.583852,780250.0,1441750.0,780250.0,1441750.0,20,Ganga Nagar,24,0.25
2257,13.028791,77.588459,780750.0,1441750.0,780750.0,1441750.0,20,Ganga Nagar,24,0.25
2258,13.028745,77.593065,781250.0,1441750.0,781250.0,1441750.0,21,Hebbala,24,0.25
2259,13.028699,77.597672,781750.0,1441750.0,781750.0,1441750.0,33,Manorayanapalya,24,0.25
2260,13.028652,77.602279,782250.0,1441750.0,782250.0,1441750.0,22,Vishwanath Nagenahalli,25,0.25
2261,13.028606,77.606885,782750.0,1441750.0,782750.0,1441750.0,22,Vishwanath Nagenahalli,25,0.25
2262,13.02856,77.611492,783250.0,1441750.0,783250.0,1441750.0,32,Kaval Bairasandra,25,0.25
2263,13.028513,77.616098,783750.0,1441750.0,783750.0,1441750.0,23,Nagavara,25,0.25
2264,13.028467,77.620705,784250.0,1441750.0,784250.0,1441750.0,24,HBR Layout,25,0.25
2265,13.02842,77.625311,784750.0,1441750.0,784750.0,1441750.0,24,HBR Layout,25,0.25
2266,13.028373,77.629917,785250.0,1441750.0,785250.0,1441750.0,24,HBR Layout,25,0.25
2267,13.028326,77.634524,785750.0,1441750.0,785750.0,1441750.0,25,Horamavu,25,0.25
2268,13.02828,77.63913,786250.0,1441750.0,786250.0,1441750.0,25,Horamavu,25,0.25
2269,13.028233,77.643737,786750.0,1441750.0,786750.0,1441750.0,25,Horamavu,25,0.25
2270,13.028186,77.648343,787250.0,1441750.0,787250.0,1441750.0,25,Horamavu,25,0.25
2271,13.028138,77.652949,787750.0,1441750.0,787750.0,1441750.0,25,Horamavu,26,0.25
2272,13.028091,77.657556,788250.0,1441750.0,788250.0,1441750.0,25,Horamavu,26,0.25
2273,13.028044,77.662162,788750.0,1441750.0,788750.0,1441750.0,25,Horamavu,26,0.25
2274,13.027996,77.666768,789250.0,1441750.0,789250.0,1441750.0,25,Horamavu,26,0.25
2275,13.027949,77.671375,789750.0,1441750.0,789750.0,1441750.0,26,Ramamurthy Nagar,26,0.25
2276,13.027901,77.675981,790250.0,1441750.0,790250.0,1441750.0,26,Ramamurthy Nagar,26,0.25
2277,13.027854,77.680587,790750.0,1441750.0,790750.0,1441750.0,26,Ramamurthy Nagar,26,0.25
2278,13.027806,77.685193,791250.0,1441750.0,791250.0,1441750.0,54,Hudi,26,0.25
2279,13.027758,77.689799,791750.0,1441750.0,791750.0,1441750.0,54,Hudi,26,0.25
2280,13.027078,77.694045,792211.65,1441679.58,792250.0,1441750.0,26,Ramamurthy Nagar,26,0.161352
2281,13.026909,77.699095,792759.87,1441666.67,792750.0,1441750.0,52,K R Puram,26,0.165858
2282,13.026765,77.703842,793275.28,1441656.24,793250.0,1441750.0,52,K R Puram,27,0.150066
2283,13.026678,77.708148,793742.82,1441651.53,793750.0,1441750.0,52,K R Puram,27,0.148128
2284,13.027445,77.712905,794258.18,1441742.0,794250.0,1441750.0,53,Basavanapura,27,0.240462
2285,13.02747,77.717436,794750.0,1441750.0,794750.0,1441750.0,53,Basavanapura,27,0.25
2286,13.027422,77.722042,795250.0,1441750.0,795250.0,1441750.0,53,Basavanapura,27,0.25
2287,13.026977,77.724999,795571.43,1441704.26,795750.0,1441750.0,53,Basavanapura,27,0.063046
2288,13.032809,77.475619,768499.71,1442072.62,768250.0,1442250.0,40,Dodda Bidarakallu,22,3e-06
2289,13.033919,77.478338,768793.66,1442198.43,768750.0,1442250.0,40,Dodda Bidarakallu,22,0.180075
2290,13.034345,77.482548,769250.0,1442250.0,769250.0,1442250.0,40,Dodda Bidarakallu,22,0.25
2291,13.034301,77.487155,769750.0,1442250.0,769750.0,1442250.0,40,Dodda Bidarakallu,22,0.25
2292,13.034257,77.491762,770250.0,1442250.0,770250.0,1442250.0,40,Dodda Bidarakallu,22,0.25
2293,13.034212,77.496369,770750.0,1442250.0,770750.0,1442250.0,40,Dodda Bidarakallu,22,0.25
2294,13.034168,77.500976,771250.0,1442250.0,771250.0,1442250.0,39,Chokkasandra,23,0.25
2295,13.034123,77.505583,771750.0,1442250.0,771750.0,1442250.0,39,Chokkasandra,23,0.25
2296,13.034079,77.51019,772250.0,1442250.0,772250.0,1442250.0,39,Chokkasandra,23,0.25
2297,13.034034,77.514797,772750.0,1442250.0,772750.0,1442250.0,39,Chokkasandra,23,0.25
2298,13.033989,77.519404,773250.0,1442250.0,773250.0,1442250.0,38,HMT Ward,23,0.25
2299,13.033944,77.524011,773750.0,1442250.0,773750.0,1442250.0,38,HMT Ward,23,0.25
2300,13.033899,77.528618,774250.0,1442250.0,774250.0,1442250.0,38,HMT Ward,23,0.25
2301,13.033854,77.533225,774750.0,1442250.0,774750.0,1442250.0,38,HMT Ward,23,0.25
2302,13.033809,77.537831,775250.0,1442250.0,775250.0,1442250.0,38,HMT Ward,23,0.25
2303,13.033764,77.542438,775750.0,1442250.0,775750.0,1442250.0,38,HMT Ward,23,0.25
2304,13.033719,77.547045,776250.0,1442250.0,776250.0,1442250.0,17,J P Park,23,0.25
2305,13.033673,77.551652,776750.0,1442250.0,776750.0,1442250.0,17,J P Park,24,0.25
2306,13.033628,77.556259,777250.0,1442250.0,777250.0,1442250.0,17,J P Park,24,0.25
2307,13.033582,77.560866,777750.0,1442250.0,777750.0,1442250.0,36,Mattikere,24,0.25
2308,13.033537,77.565472,778250.0,1442250.0,778250.0,1442250.0,35,Aramane Nagara,24,0.25
2309,13.033491,77.570079,778750.0,1442250.0,778750.0,1442250.0,18,Radhakrishna Temple Ward,24,0.25
2310,13.033445,77.574686,779250.0,1442250.0,779250.0,1442250.0,18,Radhakrishna Temple Ward,24,0.25
2311,13.0334,77.579292,779750.0,1442250.0,779750.0,1442250.0,19,Sanjaya Nagar,24,0.25
2312,13.033354,77.583899,780250.0,1442250.0,780250.0,1442250.0,20,Ganga Nagar,24,0.25
2313,13.033308,77.588506,780750.0,1442250.0,780750.0,1442250.0,21,Hebbala,24,0.25
2314,13.033261,77.593113,781250.0,1442250.0,781250.0,1442250.0,21,Hebbala,24,0.25
2315,13.033215,77.597719,781750.0,1442250.0,781750.0,1442250.0,21,Hebbala,24,0.25
2316,13.033169,77.602326,782250.0,1442250.0,782250.0,1442250.0,33,Manorayanapalya,25,0.25
2317,13.033123,77.606932,782750.0,1442250.0,782750.0,1442250.0,22,Vishwanath Nagenahalli,25,0.25
2318,13.033076,77.611539,783250.0,1442250.0,783250.0,1442250.0,32,Kaval Bairasandra,25,0.25
2319,13.03303,77.616146,783750.0,1442250.0,783750.0,1442250.0,23,Nagavara,25,0.25
2320,13.032983,77.620752,784250.0,1442250.0,784250.0,1442250.0,23,Nagavara,25,0.25
2321,13.032937,77.625359,784750.0,1442250.0,784750.0,1442250.0,24,HBR Layout,25,0.25
2322,13.03289,77.629965,785250.0,1442250.0,785250.0,1442250.0,24,HBR Layout,25,0.25
2323,13.032843,77.634572,785750.0,1442250.0,785750.0,1442250.0,24,HBR Layout,25,0.25
2324,13.032796,77.639178,786250.0,1442250.0,786250.0,1442250.0,24,HBR Layout,25,0.25
2325,13.032749,77.643785,786750.0,1442250.0,786750.0,1442250.0,25,Horamavu,25,0.25
2326,13.032702,77.648391,787250.0,1442250.0,787250.0,1442250.0,25,Horamavu,25,0.25
2327,13.032655,77.652997,787750.0,1442250.0,787750.0,1442250.0,25,Horamavu,26,0.25
2328,13.032608,77.657604,788250.0,1442250.0,788250.0,1442250.0,25,Horamavu,26,0.25
2329,13.03256,77.66221,788750.0,1442250.0,788750.0,1442250.0,25,Horamavu,26,0.25
2330,13.032513,77.666817,789250.0,1442250.0,789250.0,1442250.0,26,Ramamurthy Nagar,26,0.25
2331,13.032465,77.671423,789750.0,1442250.0,789750.0,1442250.0,26,Ramamurthy Nagar,26,0.25
2332,13.032418,77.676029,790250.0,1442250.0,790250.0,1442250.0,26,Ramamurthy Nagar,26,0.25
2333,13.03237,77.680636,790750.0,1442250.0,790750.0,1442250.0,26,Ramamurthy Nagar,26,0.25
2334,13.032321,77.685241,791249.87,1442249.87,791250.0,1442250.0,54,Hudi,26,0.249867
2335,13.031696,77.68933,791694.46,1442185.33,791750.0,1442250.0,54,Hudi,26,0.161231
2336,13.030259,77.692402,792029.52,1442029.76,792250.0,1442250.0,54,Hudi,26,0.003953
2337,13.031039,77.713875,794359.23,1442140.95,794250.0,1442250.0,53,Basavanapura,27,0.087322
2338,13.031684,77.717646,794767.78,1442216.79,794750.0,1442250.0,53,Basavanapura,27,0.213517
2339,13.031938,77.722092,795250.0,1442250.0,795250.0,1442250.0,53,Basavanapura,27,0.25
2340,13.03183,77.72488,795552.74,1442241.34,795750.0,1442250.0,53,Basavanapura,27,0.051845
2341,13.037485,77.480036,768974.02,1442594.87,768750.0,1442750.0,40,Dodda Bidarakallu,22,0.010346
2342,13.038753,77.482744,769266.55,1442738.03,769250.0,1442750.0,40,Dodda Bidarakallu,22,0.231558
2343,13.038818,77.4872,769750.0,1442750.0,769750.0,1442750.0,40,Dodda Bidarakallu,22,0.25
2344,13.038774,77.491807,770250.0,1442750.0,770250.0,1442750.0,40,Dodda Bidarakallu,22,0.25
2345,13.038729,77.496414,770750.0,1442750.0,770750.0,1442750.0,40,Dodda Bidarakallu,22,0.25
2346,13.038685,77.501021,771250.0,1442750.0,771250.0,1442750.0,39,Chokkasandra,23,0.25
2347,13.03864,77.505628,771750.0,1442750.0,771750.0,1442750.0,39,Chokkasandra,23,0.25
2348,13.038596,77.510236,772250.0,1442750.0,772250.0,1442750.0,39,Chokkasandra,23,0.25
2349,13.038551,77.514843,772750.0,1442750.0,772750.0,1442750.0,39,Chokkasandra,23,0.25
2350,13.038506,77.51945,773250.0,1442750.0,773250.0,1442750.0,38,HMT Ward,23,0.25
2351,13.038461,77.524057,773750.0,1442750.0,773750.0,1442750.0,38,HMT Ward,23,0.25
2352,13.038416,77.528664,774250.0,1442750.0,774250.0,1442750.0,38,HMT Ward,23,0.25
2353,13.038371,77.533271,774750.0,1442750.0,774750.0,1442750.0,16,Jalahalli,23,0.25
2354,13.038326,77.537878,775250.0,1442750.0,775250.0,1442750.0,16,Jalahalli,23,0.25
2355,13.038281,77.542484,775750.0,1442750.0,775750.0,1442750.0,38,HMT Ward,23,0.25
2356,13.038236,77.547091,776250.0,1442750.0,776250.0,1442750.0,17,J P Park,23,0.25
2357,13.03819,77.551698,776750.0,1442750.0,776750.0,1442750.0,17,J P Park,24,0.25
2358,13.038145,77.556305,777250.0,1442750.0,777250.0,1442750.0,17,J P Park,24,0.25
2359,13.038099,77.560912,777750.0,1442750.0,777750.0,1442750.0,36,Mattikere,24,0.25
2360,13.038054,77.565519,778250.0,1442750.0,778250.0,1442750.0,18,Radhakrishna Temple Ward,24,0.25
2361,13.038008,77.570126,778750.0,1442750.0,778750.0,1442750.0,18,Radhakrishna Temple Ward,24,0.25
2362,13.037962,77.574733,779250.0,1442750.0,779250.0,1442750.0,19,Sanjaya Nagar,24,0.25
2363,13.037916,77.579339,779750.0,1442750.0,779750.0,1442750.0,19,Sanjaya Nagar,24,0.25
2364,13.03787,77.583946,780250.0,1442750.0,780250.0,1442750.0,20,Ganga Nagar,24,0.25
2365,13.037824,77.588553,780750.0,1442750.0,780750.0,1442750.0,20,Ganga Nagar,24,0.25
2366,13.037778,77.59316,781250.0,1442750.0,781250.0,1442750.0,21,Hebbala,24,0.25
2367,13.037732,77.597766,781750.0,1442750.0,781750.0,1442750.0,22,Vishwanath Nagenahalli,24,0.25
2368,13.037686,77.602373,782250.0,1442750.0,782250.0,1442750.0,22,Vishwanath Nagenahalli,25,0.25
2369,13.037639,77.60698,782750.0,1442750.0,782750.0,1442750.0,22,Vishwanath Nagenahalli,25,0.25
2370,13.037593,77.611586,783250.0,1442750.0,783250.0,1442750.0,23,Nagavara,25,0.25
2371,13.037546,77.616193,783750.0,1442750.0,783750.0,1442750.0,23,Nagavara,25,0.25
2372,13.0375,77.6208,784250.0,1442750.0,784250.0,1442750.0,24,HBR Layout,25,0.25
2373,13.037453,77.625406,784750.0,1442750.0,784750.0,1442750.0,24,HBR Layout,25,0.25
2374,13.037406,77.630013,785250.0,1442750.0,785250.0,1442750.0,24,HBR Layout,25,0.25
2375,13.03736,77.634619,785750.0,1442750.0,785750.0,1442750.0,24,HBR Layout,25,0.25
2376,13.037313,77.639226,786250.0,1442750.0,786250.0,1442750.0,24,HBR Layout,25,0.25
2377,13.037266,77.643833,786750.0,1442750.0,786750.0,1442750.0,24,HBR Layout,25,0.25
2378,13.037218,77.648439,787250.0,1442750.0,787250.0,1442750.0,25,Horamavu,25,0.25
2379,13.037171,77.653046,787750.0,1442750.0,787750.0,1442750.0,25,Horamavu,26,0.25
2380,13.037124,77.657652,788250.0,1442750.0,788250.0,1442750.0,25,Horamavu,26,0.25
2381,13.037077,77.662259,788750.0,1442750.0,788750.0,1442750.0,25,Horamavu,26,0.25
2382,13.037029,77.666865,789250.0,1442750.0,789250.0,1442750.0,26,Ramamurthy Nagar,26,0.25
2383,13.036982,77.671471,789750.0,1442750.0,789750.0,1442750.0,26,Ramamurthy Nagar,26,0.25
2384,13.036934,77.676078,790250.0,1442750.0,790250.0,1442750.0,26,Ramamurthy Nagar,26,0.25
2385,13.036951,77.68057,790737.56,1442756.97,790750.0,1442750.0,26,Ramamurthy Nagar,26,0.236747
2386,13.036488,77.684053,791116.05,1442709.73,791250.0,1442750.0,26,Ramamurthy Nagar,26,0.017119
2387,13.034316,77.719586,794975.24,1442510.38,794750.0,1442750.0,53,Basavanapura,27,0.001157
2388,13.035076,77.722637,795305.44,1442598.03,795250.0,1442750.0,53,Basavanapura,27,0.083919
2389,13.034756,77.724631,795522.27,1442564.94,795750.0,1442750.0,53,Basavanapura,27,0.006507
2390,13.045579,77.480266,768990.24,1443490.98,768750.0,1443250.0,40,Dodda Bidarakallu,22,0.000396
2391,13.043552,77.483044,769293.85,1443269.6,769250.0,1443250.0,40,Dodda Bidarakallu,22,0.202144
2392,13.043335,77.487245,769750.0,1443250.0,769750.0,1443250.0,40,Dodda Bidarakallu,22,0.25
2393,13.043252,77.491874,770252.41,1443245.8,770250.0,1443250.0,40,Dodda Bidarakallu,22,0.245542
2394,13.043246,77.49646,770750.0,1443250.0,770750.0,1443250.0,39,Chokkasandra,22,0.25
2395,13.043202,77.501067,771250.0,1443250.0,771250.0,1443250.0,39,Chokkasandra,23,0.25
2396,13.043157,77.505674,771750.0,1443250.0,771750.0,1443250.0,39,Chokkasandra,23,0.25
2397,13.043113,77.510281,772250.0,1443250.0,772250.0,1443250.0,39,Chokkasandra,23,0.25
2398,13.043068,77.514888,772750.0,1443250.0,772750.0,1443250.0,15,T Dasarahalli,23,0.25
2399,13.043023,77.519495,773250.0,1443250.0,773250.0,1443250.0,15,T Dasarahalli,23,0.25
2400,13.042978,77.524102,773750.0,1443250.0,773750.0,1443250.0,38,HMT Ward,23,0.25
2401,13.042933,77.528709,774250.0,1443250.0,774250.0,1443250.0,16,Jalahalli,23,0.25
2402,13.042888,77.533317,774750.0,1443250.0,774750.0,1443250.0,16,Jalahalli,23,0.25
2403,13.042843,77.537924,775250.0,1443250.0,775250.0,1443250.0,16,Jalahalli,23,0.25
2404,13.042798,77.542531,775750.0,1443250.0,775750.0,1443250.0,16,Jalahalli,23,0.25
2405,13.042752,77.547138,776250.0,1443250.0,776250.0,1443250.0,16,Jalahalli,23,0.25
2406,13.042707,77.551745,776750.0,1443250.0,776750.0,1443250.0,17,J P Park,24,0.25
2407,13.042662,77.556352,777250.0,1443250.0,777250.0,1443250.0,17,J P Park,24,0.25
2408,13.042616,77.560959,777750.0,1443250.0,777750.0,1443250.0,10,Dodda Bommasandra,24,0.25
2409,13.04257,77.565565,778250.0,1443250.0,778250.0,1443250.0,18,Radhakrishna Temple Ward,24,0.25
2410,13.042525,77.570172,778750.0,1443250.0,778750.0,1443250.0,18,Radhakrishna Temple Ward,24,0.25
2411,13.042479,77.574779,779250.0,1443250.0,779250.0,1443250.0,19,Sanjaya Nagar,24,0.25
2412,13.042433,77.579386,779750.0,1443250.0,779750.0,1443250.0,19,Sanjaya Nagar,24,0.25
2413,13.042387,77.583993,780250.0,1443250.0,780250.0,1443250.0,20,Ganga Nagar,24,0.25
2414,13.042341,77.5886,780750.0,1443250.0,780750.0,1443250.0,20,Ganga Nagar,24,0.25
2415,13.042295,77.593207,781250.0,1443250.0,781250.0,1443250.0,7,Byatarayanapura,24,0.25
2416,13.042249,77.597813,781750.0,1443250.0,781750.0,1443250.0,7,Byatarayanapura,24,0.25
2417,13.042202,77.60242,782250.0,1443250.0,782250.0,1443250.0,7,Byatarayanapura,25,0.25
2418,13.042156,77.607027,782750.0,1443250.0,782750.0,1443250.0,7,Byatarayanapura,25,0.25
2419,13.04211,77.611634,783250.0,1443250.0,783250.0,1443250.0,7,Byatarayanapura,25,0.25
2420,13.042063,77.616241,783750.0,1443250.0,783750.0,1443250.0,6,Thanisandra,25,0.25
2421,13.042016,77.620847,784250.0,1443250.0,784250.0,1443250.0,6,Thanisandra,25,0.25
2422,13.04197,77.625454,784750.0,1443250.0,784750.0,1443250.0,24,HBR Layout,25,0.25
2423,13.041923,77.630061,785250.0,1443250.0,785250.0,1443250.0,24,HBR Layout,25,0.25
2424,13.041876,77.634667,785750.0,1443250.0,785750.0,1443250.0,24,HBR Layout,25,0.25
2425,13.041829,77.639274,786250.0,1443250.0,786250.0,1443250.0,24,HBR Layout,25,0.25
2426,13.041782,77.643881,786750.0,1443250.0,786750.0,1443250.0,25,Horamavu,25,0.25
2427,13.041735,77.648487,787250.0,1443250.0,787250.0,1443250.0,25,Horamavu,25,0.25
2428,13.041688,77.653094,787750.0,1443250.0,787750.0,1443250.0,25,Horamavu,26,0.25
2429,13.041641,77.6577,788250.0,1443250.0,788250.0,1443250.0,25,Horamavu,26,0.25
2430,13.041593,77.662307,788750.0,1443250.0,788750.0,1443250.0,25,Horamavu,26,0.25
2431,13.041546,77.666913,789250.0,1443250.0,789250.0,1443250.0,26,Ramamurthy Nagar,26,0.25
2432,13.041498,77.67152,789750.0,1443250.0,789750.0,1443250.0,26,Ramamurthy Nagar,26,0.25
2433,13.041451,77.676126,790250.0,1443250.0,790250.0,1443250.0,26,Ramamurthy Nagar,26,0.25
2434,13.041403,77.680733,790750.0,1443250.0,790750.0,1443250.0,26,Ramamurthy Nagar,26,0.25
2435,13.041576,77.683484,791048.32,1443272.26,791250.0,1443250.0,26,Ramamurthy Nagar,26,0.047165
2436,13.046547,77.480014,768961.81,1443597.83,768750.0,1443750.0,40,Dodda Bidarakallu,22,0.014911
2437,13.046779,77.482532,769234.77,1443626.21,769250.0,1443750.0,40,Dodda Bidarakallu,22,0.122884
2438,13.046123,77.486587,769675.55,1443557.89,769750.0,1443750.0,40,Dodda Bidarakallu,22,0.045501
2439,13.047635,77.49301,770370.84,1443732.04,770250.0,1443750.0,40,Dodda Bidarakallu,22,0.126938
2440,13.047763,77.496505,770750.0,1443750.0,770750.0,1443750.0,39,Chokkasandra,22,0.25
2441,13.047719,77.501112,771250.0,1443750.0,771250.0,1443750.0,14,Bagalakunte,23,0.25
2442,13.047674,77.505719,771750.0,1443750.0,771750.0,1443750.0,14,Bagalakunte,23,0.25
2443,13.04763,77.510327,772250.0,1443750.0,772250.0,1443750.0,15,T Dasarahalli,23,0.25
2444,13.047585,77.514934,772750.0,1443750.0,772750.0,1443750.0,13,Mallasandra,23,0.25
2445,13.04754,77.519541,773250.0,1443750.0,773250.0,1443750.0,15,T Dasarahalli,23,0.25
2446,13.047495,77.524148,773750.0,1443750.0,773750.0,1443750.0,16,Jalahalli,23,0.25
2447,13.04745,77.528755,774250.0,1443750.0,774250.0,1443750.0,16,Jalahalli,23,0.25
2448,13.047405,77.533363,774750.0,1443750.0,774750.0,1443750.0,16,Jalahalli,23,0.25
2449,13.04736,77.53797,775250.0,1443750.0,775250.0,1443750.0,16,Jalahalli,23,0.25
2450,13.047315,77.542577,775750.0,1443750.0,775750.0,1443750.0,16,Jalahalli,23,0.25
2451,13.047269,77.547184,776250.0,1443750.0,776250.0,1443750.0,16,Jalahalli,23,0.25
2452,13.047224,77.551791,776750.0,1443750.0,776750.0,1443750.0,16,Jalahalli,24,0.25
2453,13.047178,77.556398,777250.0,1443750.0,777250.0,1443750.0,10,Dodda Bommasandra,24,0.25
2454,13.047133,77.561005,777750.0,1443750.0,777750.0,1443750.0,10,Dodda Bommasandra,24,0.25
2455,13.047087,77.565612,778250.0,1443750.0,778250.0,1443750.0,8,Kodigehalli,24,0.25
2456,13.047041,77.570219,778750.0,1443750.0,778750.0,1443750.0,18,Radhakrishna Temple Ward,24,0.25
2457,13.046996,77.574826,779250.0,1443750.0,779250.0,1443750.0,18,Radhakrishna Temple Ward,24,0.25
2458,13.04695,77.579433,779750.0,1443750.0,779750.0,1443750.0,19,Sanjaya Nagar,24,0.25
2459,13.046904,77.58404,780250.0,1443750.0,780250.0,1443750.0,8,Kodigehalli,24,0.25
2460,13.046858,77.588647,780750.0,1443750.0,780750.0,1443750.0,8,Kodigehalli,24,0.25
2461,13.046812,77.593254,781250.0,1443750.0,781250.0,1443750.0,7,Byatarayanapura,24,0.25
2462,13.046765,77.597861,781750.0,1443750.0,781750.0,1443750.0,7,Byatarayanapura,24,0.25
2463,13.046719,77.602468,782250.0,1443750.0,782250.0,1443750.0,7,Byatarayanapura,25,0.25
2464,13.046673,77.607074,782750.0,1443750.0,782750.0,1443750.0,7,Byatarayanapura,25,0.25
2465,13.046626,77.611681,783250.0,1443750.0,783250.0,1443750.0,6,Thanisandra,25,0.25
2466,13.04658,77.616288,783750.0,1443750.0,783750.0,1443750.0,6,Thanisandra,25,0.25
2467,13.046533,77.620895,784250.0,1443750.0,784250.0,1443750.0,6,Thanisandra,25,0.25
2468,13.046486,77.625502,784750.0,1443750.0,784750.0,1443750.0,6,Thanisandra,25,0.25
2469,13.046439,77.630108,785250.0,1443750.0,785250.0,1443750.0,6,Thanisandra,25,0.25
2470,13.046393,77.634715,785750.0,1443750.0,785750.0,1443750.0,6,Thanisandra,25,0.25
2471,13.046346,77.639322,786250.0,1443750.0,786250.0,1443750.0,25,Horamavu,25,0.25
2472,13.046299,77.643929,786750.0,1443750.0,786750.0,1443750.0,25,Horamavu,25,0.25
2473,13.046251,77.648535,787250.0,1443750.0,787250.0,1443750.0,25,Horamavu,25,0.25
2474,13.046204,77.653142,787750.0,1443750.0,787750.0,1443750.0,25,Horamavu,26,0.25
2475,13.046157,77.657749,788250.0,1443750.0,788250.0,1443750.0,25,Horamavu,26,0.25
2476,13.04611,77.662355,788750.0,1443750.0,788750.0,1443750.0,25,Horamavu,26,0.25
2477,13.046062,77.666962,789250.0,1443750.0,789250.0,1443750.0,25,Horamavu,26,0.25
2478,13.046015,77.671568,789750.0,1443750.0,789750.0,1443750.0,26,Ramamurthy Nagar,26,0.25
2479,13.045967,77.676175,790250.0,1443750.0,790250.0,1443750.0,26,Ramamurthy Nagar,26,0.25
2480,13.045919,77.680782,790750.0,1443750.0,790750.0,1443750.0,26,Ramamurthy Nagar,26,0.25
2481,13.045862,77.683595,791055.41,1443746.89,791250.0,1443750.0,26,Ramamurthy Nagar,26,0.055361
2482,13.052209,77.493263,770393.32,1444238.6,770250.0,1444250.0,14,Bagalakunte,29,0.104798
2483,13.05228,77.49655,770750.0,1444250.0,770750.0,1444250.0,14,Bagalakunte,29,0.25
2484,13.052236,77.501158,771250.0,1444250.0,771250.0,1444250.0,14,Bagalakunte,30,0.25
2485,13.052191,77.505765,771750.0,1444250.0,771750.0,1444250.0,14,Bagalakunte,30,0.25
2486,13.052147,77.510372,772250.0,1444250.0,772250.0,1444250.0,14,Bagalakunte,30,0.25
2487,13.052102,77.51498,772750.0,1444250.0,772750.0,1444250.0,13,Mallasandra,30,0.25
2488,13.052057,77.519587,773250.0,1444250.0,773250.0,1444250.0,13,Mallasandra,30,0.25
2489,13.052012,77.524194,773750.0,1444250.0,773750.0,1444250.0,12,Shettihalli,30,0.25
2490,13.051967,77.528801,774250.0,1444250.0,774250.0,1444250.0,12,Shettihalli,30,0.25
2491,13.051922,77.533409,774750.0,1444250.0,774750.0,1444250.0,16,Jalahalli,30,0.25
2492,13.051877,77.538016,775250.0,1444250.0,775250.0,1444250.0,16,Jalahalli,30,0.25
2493,13.051831,77.542623,775750.0,1444250.0,775750.0,1444250.0,16,Jalahalli,30,0.25
2494,13.051786,77.54723,776250.0,1444250.0,776250.0,1444250.0,16,Jalahalli,30,0.25
2495,13.051741,77.551837,776750.0,1444250.0,776750.0,1444250.0,16,Jalahalli,31,0.25
2496,13.051695,77.556444,777250.0,1444250.0,777250.0,1444250.0,10,Dodda Bommasandra,31,0.25
2497,13.05165,77.561052,777750.0,1444250.0,777750.0,1444250.0,10,Dodda Bommasandra,31,0.25
2498,13.051604,77.565659,778250.0,1444250.0,778250.0,1444250.0,10,Dodda Bommasandra,31,0.25
2499,13.051558,77.570266,778750.0,1444250.0,778750.0,1444250.0,8,Kodigehalli,31,0.25
2500,13.051512,77.574873,779250.0,1444250.0,779250.0,1444250.0,8,Kodigehalli,31,0.25
2501,13.051466,77.57948,779750.0,1444250.0,779750.0,1444250.0,8,Kodigehalli,31,0.25
2502,13.05142,77.584087,780250.0,1444250.0,780250.0,1444250.0,8,Kodigehalli,31,0.25
2503,13.051374,77.588694,780750.0,1444250.0,780750.0,1444250.0,7,Byatarayanapura,31,0.25
2504,13.051328,77.593301,781250.0,1444250.0,781250.0,1444250.0,7,Byatarayanapura,31,0.25
2505,13.051282,77.597908,781750.0,1444250.0,781750.0,1444250.0,7,Byatarayanapura,31,0.25
2506,13.051236,77.602515,782250.0,1444250.0,782250.0,1444250.0,7,Byatarayanapura,32,0.25
2507,13.051189,77.607122,782750.0,1444250.0,782750.0,1444250.0,7,Byatarayanapura,32,0.25
2508,13.051143,77.611729,783250.0,1444250.0,783250.0,1444250.0,6,Thanisandra,32,0.25
2509,13.051096,77.616336,783750.0,1444250.0,783750.0,1444250.0,6,Thanisandra,32,0.25
2510,13.05105,77.620942,784250.0,1444250.0,784250.0,1444250.0,6,Thanisandra,32,0.25
2511,13.051003,77.625549,784750.0,1444250.0,784750.0,1444250.0,6,Thanisandra,32,0.25
2512,13.050956,77.630156,785250.0,1444250.0,785250.0,1444250.0,6,Thanisandra,32,0.25
2513,13.050909,77.634763,785750.0,1444250.0,785750.0,1444250.0,6,Thanisandra,32,0.25
2514,13.050862,77.63937,786250.0,1444250.0,786250.0,1444250.0,25,Horamavu,32,0.25
2515,13.050815,77.643977,786750.0,1444250.0,786750.0,1444250.0,25,Horamavu,32,0.25
2516,13.050768,77.648583,787250.0,1444250.0,787250.0,1444250.0,54,Hudi,32,0.25
2517,13.050721,77.65319,787750.0,1444250.0,787750.0,1444250.0,54,Hudi,33,0.25
2518,13.050673,77.657797,788250.0,1444250.0,788250.0,1444250.0,25,Horamavu,33,0.25
2519,13.050626,77.662404,788750.0,1444250.0,788750.0,1444250.0,25,Horamavu,33,0.25
2520,13.050579,77.66701,789250.0,1444250.0,789250.0,1444250.0,54,Hudi,33,0.25
2521,13.050531,77.671617,789750.0,1444250.0,789750.0,1444250.0,26,Ramamurthy Nagar,33,0.25
2522,13.050483,77.676224,790250.0,1444250.0,790250.0,1444250.0,26,Ramamurthy Nagar,33,0.25
2523,13.050396,77.680795,790746.22,1444245.54,790750.0,1444250.0,26,Ramamurthy Nagar,33,0.245256
2524,13.049762,77.6835,791040.54,1444178.48,791250.0,1444250.0,26,Ramamurthy Nagar,26,0.031679
2525,13.056944,77.492896,770348.35,1444762.25,770250.0,1444750.0,14,Bagalakunte,29,0.14867
2526,13.056797,77.496596,770750.0,1444750.0,770750.0,1444750.0,14,Bagalakunte,29,0.25
2527,13.056753,77.501203,771250.0,1444750.0,771250.0,1444750.0,14,Bagalakunte,30,0.25
2528,13.056708,77.505811,771750.0,1444750.0,771750.0,1444750.0,14,Bagalakunte,30,0.25
2529,13.056663,77.510418,772250.0,1444750.0,772250.0,1444750.0,13,Mallasandra,30,0.25
2530,13.056619,77.515025,772750.0,1444750.0,772750.0,1444750.0,13,Mallasandra,30,0.25
2531,13.056574,77.519633,773250.0,1444750.0,773250.0,1444750.0,12,Shettihalli,30,0.25
2532,13.056529,77.52424,773750.0,1444750.0,773750.0,1444750.0,12,Shettihalli,30,0.25
2533,13.056484,77.528847,774250.0,1444750.0,774250.0,1444750.0,12,Shettihalli,30,0.25
2534,13.056439,77.533455,774750.0,1444750.0,774750.0,1444750.0,12,Shettihalli,30,0.25
2535,13.056394,77.538062,775250.0,1444750.0,775250.0,1444750.0,11,Kuvempu Nagar,30,0.25
2536,13.056348,77.542669,775750.0,1444750.0,775750.0,1444750.0,11,Kuvempu Nagar,30,0.25
2537,13.056303,77.547276,776250.0,1444750.0,776250.0,1444750.0,11,Kuvempu Nagar,30,0.25
2538,13.056258,77.551884,776750.0,1444750.0,776750.0,1444750.0,10,Dodda Bommasandra,31,0.25
2539,13.056212,77.556491,777250.0,1444750.0,777250.0,1444750.0,10,Dodda Bommasandra,31,0.25
2540,13.056166,77.561098,777750.0,1444750.0,777750.0,1444750.0,10,Dodda Bommasandra,31,0.25
2541,13.056121,77.565705,778250.0,1444750.0,778250.0,1444750.0,10,Dodda Bommasandra,31,0.25
2542,13.056075,77.570312,778750.0,1444750.0,778750.0,1444750.0,8,Kodigehalli,31,0.25
2543,13.056029,77.57492,779250.0,1444750.0,779250.0,1444750.0,8,Kodigehalli,31,0.25
2544,13.055983,77.579527,779750.0,1444750.0,779750.0,1444750.0,8,Kodigehalli,31,0.25
2545,13.055937,77.584134,780250.0,1444750.0,780250.0,1444750.0,7,Byatarayanapura,31,0.25
2546,13.055891,77.588741,780750.0,1444750.0,780750.0,1444750.0,7,Byatarayanapura,31,0.25
2547,13.055845,77.593348,781250.0,1444750.0,781250.0,1444750.0,7,Byatarayanapura,31,0.25
2548,13.055799,77.597955,781750.0,1444750.0,781750.0,1444750.0,7,Byatarayanapura,31,0.25
2549,13.055752,77.602562,782250.0,1444750.0,782250.0,1444750.0,6,Thanisandra,32,0.25
2550,13.055706,77.607169,782750.0,1444750.0,782750.0,1444750.0,6,Thanisandra,32,0.25
2551,13.055659,77.611776,783250.0,1444750.0,783250.0,1444750.0,6,Thanisandra,32,0.25
2552,13.055613,77.616383,783750.0,1444750.0,783750.0,1444750.0,6,Thanisandra,32,0.25
2553,13.055566,77.62099,784250.0,1444750.0,784250.0,1444750.0,6,Thanisandra,32,0.25
2554,13.055519,77.625597,784750.0,1444750.0,784750.0,1444750.0,6,Thanisandra,32,0.25
2555,13.055473,77.630204,785250.0,1444750.0,785250.0,1444750.0,6,Thanisandra,32,0.25
2556,13.055426,77.634811,785750.0,1444750.0,785750.0,1444750.0,6,Thanisandra,32,0.25
2557,13.055379,77.639418,786250.0,1444750.0,786250.0,1444750.0,25,Horamavu,32,0.25
2558,13.055332,77.644025,786750.0,1444750.0,786750.0,1444750.0,25,Horamavu,32,0.25
2559,13.055284,77.648632,787250.0,1444750.0,787250.0,1444750.0,54,Hudi,32,0.25
2560,13.055237,77.653238,787750.0,1444750.0,787750.0,1444750.0,54,Hudi,33,0.25
2561,13.05519,77.657845,788250.0,1444750.0,788250.0,1444750.0,25,Horamavu,33,0.25
2562,13.055142,77.662452,788750.0,1444750.0,788750.0,1444750.0,25,Horamavu,33,0.25
2563,13.055095,77.667059,789250.0,1444750.0,789250.0,1444750.0,54,Hudi,33,0.25
2564,13.055047,77.671666,789750.0,1444750.0,789750.0,1444750.0,54,Hudi,33,0.25
2565,13.054931,77.67604,790224.92,1444742.15,790250.0,1444750.0,54,Hudi,33,0.22372
2566,13.053063,77.679498,790602.33,1444539.35,790750.0,1444750.0,26,Ramamurthy Nagar,33,0.018056
2567,13.061056,77.493381,770396.52,1445217.87,770250.0,1445250.0,14,Bagalakunte,29,0.098096
2568,13.061314,77.496641,770750.0,1445250.0,770750.0,1445250.0,14,Bagalakunte,29,0.25
2569,13.06127,77.501249,771250.0,1445250.0,771250.0,1445250.0,14,Bagalakunte,30,0.25
2570,13.061225,77.505856,771750.0,1445250.0,771750.0,1445250.0,14,Bagalakunte,30,0.25
2571,13.06118,77.510464,772250.0,1445250.0,772250.0,1445250.0,12,Shettihalli,30,0.25
2572,13.061136,77.515071,772750.0,1445250.0,772750.0,1445250.0,12,Shettihalli,30,0.25
2573,13.061091,77.519678,773250.0,1445250.0,773250.0,1445250.0,12,Shettihalli,30,0.25
2574,13.061046,77.524286,773750.0,1445250.0,773750.0,1445250.0,12,Shettihalli,30,0.25
2575,13.061001,77.528893,774250.0,1445250.0,774250.0,1445250.0,12,Shettihalli,30,0.25
2576,13.060956,77.533501,774750.0,1445250.0,774750.0,1445250.0,12,Shettihalli,30,0.25
2577,13.06091,77.538108,775250.0,1445250.0,775250.0,1445250.0,11,Kuvempu Nagar,30,0.25
2578,13.060865,77.542715,775750.0,1445250.0,775750.0,1445250.0,11,Kuvempu Nagar,30,0.25
2579,13.06082,77.547323,776250.0,1445250.0,776250.0,1445250.0,11,Kuvempu Nagar,30,0.25
2580,13.060774,77.55193,776750.0,1445250.0,776750.0,1445250.0,10,Dodda Bommasandra,31,0.25
2581,13.060729,77.556537,777250.0,1445250.0,777250.0,1445250.0,10,Dodda Bommasandra,31,0.25
2582,13.060683,77.561145,777750.0,1445250.0,777750.0,1445250.0,10,Dodda Bommasandra,31,0.25
2583,13.060637,77.565752,778250.0,1445250.0,778250.0,1445250.0,9,Vidyaranyapura,31,0.25
2584,13.060592,77.570359,778750.0,1445250.0,778750.0,1445250.0,9,Vidyaranyapura,31,0.25
2585,13.060546,77.574966,779250.0,1445250.0,779250.0,1445250.0,8,Kodigehalli,31,0.25
2586,13.0605,77.579574,779750.0,1445250.0,779750.0,1445250.0,8,Kodigehalli,31,0.25
2587,13.060454,77.584181,780250.0,1445250.0,780250.0,1445250.0,8,Kodigehalli,31,0.25
2588,13.060408,77.588788,780750.0,1445250.0,780750.0,1445250.0,7,Byatarayanapura,31,0.25
2589,13.060362,77.593395,781250.0,1445250.0,781250.0,1445250.0,7,Byatarayanapura,31,0.25
2590,13.060315,77.598002,781750.0,1445250.0,781750.0,1445250.0,7,Byatarayanapura,31,0.25
2591,13.060269,77.602609,782250.0,1445250.0,782250.0,1445250.0,7,Byatarayanapura,32,0.25
2592,13.060223,77.607217,782750.0,1445250.0,782750.0,1445250.0,6,Thanisandra,32,0.25
2593,13.060176,77.611824,783250.0,1445250.0,783250.0,1445250.0,6,Thanisandra,32,0.25
2594,13.060129,77.616431,783750.0,1445250.0,783750.0,1445250.0,6,Thanisandra,32,0.25
2595,13.060083,77.621038,784250.0,1445250.0,784250.0,1445250.0,6,Thanisandra,32,0.25
2596,13.060036,77.625645,784750.0,1445250.0,784750.0,1445250.0,6,Thanisandra,32,0.25
2597,13.059989,77.630252,785250.0,1445250.0,785250.0,1445250.0,6,Thanisandra,32,0.25
2598,13.059942,77.634859,785750.0,1445250.0,785750.0,1445250.0,6,Thanisandra,32,0.25
2599,13.059895,77.639466,786250.0,1445250.0,786250.0,1445250.0,25,Horamavu,32,0.25
2600,13.059848,77.644073,786750.0,1445250.0,786750.0,1445250.0,25,Horamavu,32,0.25
2601,13.059801,77.64868,787250.0,1445250.0,787250.0,1445250.0,54,Hudi,32,0.25
2602,13.059754,77.653287,787750.0,1445250.0,787750.0,1445250.0,54,Hudi,33,0.25
2603,13.059706,77.657894,788250.0,1445250.0,788250.0,1445250.0,25,Horamavu,33,0.25
2604,13.059659,77.6625,788750.0,1445250.0,788750.0,1445250.0,25,Horamavu,33,0.25
2605,13.059611,77.667107,789250.0,1445250.0,789250.0,1445250.0,54,Hudi,33,0.25
2606,13.059564,77.671714,789750.0,1445250.0,789750.0,1445250.0,54,Hudi,33,0.25
2607,13.059557,77.676237,790240.86,1445254.44,790250.0,1445250.0,54,Hudi,33,0.240625
2608,13.06148,77.678648,790500.25,1445470.08,790750.0,1445250.0,54,Hudi,33,3.1e-05
2609,13.065914,77.493567,770411.39,1445755.82,770250.0,1445750.0,14,Bagalakunte,29,0.088458
2610,13.065831,77.496687,770750.0,1445750.0,770750.0,1445750.0,14,Bagalakunte,29,0.25
2611,13.065787,77.501294,771250.0,1445750.0,771250.0,1445750.0,14,Bagalakunte,30,0.25
2612,13.065742,77.505902,771750.0,1445750.0,771750.0,1445750.0,12,Shettihalli,30,0.25
2613,13.065697,77.510509,772250.0,1445750.0,772250.0,1445750.0,12,Shettihalli,30,0.25
2614,13.065653,77.515117,772750.0,1445750.0,772750.0,1445750.0,12,Shettihalli,30,0.25
2615,13.065608,77.519724,773250.0,1445750.0,773250.0,1445750.0,12,Shettihalli,30,0.25
2616,13.065563,77.524332,773750.0,1445750.0,773750.0,1445750.0,12,Shettihalli,30,0.25
2617,13.065518,77.528939,774250.0,1445750.0,774250.0,1445750.0,12,Shettihalli,30,0.25
2618,13.065473,77.533547,774750.0,1445750.0,774750.0,1445750.0,12,Shettihalli,30,0.25
2619,13.065427,77.538154,775250.0,1445750.0,775250.0,1445750.0,11,Kuvempu Nagar,30,0.25
2620,13.065382,77.542762,775750.0,1445750.0,775750.0,1445750.0,11,Kuvempu Nagar,30,0.25
2621,13.065337,77.547369,776250.0,1445750.0,776250.0,1445750.0,11,Kuvempu Nagar,30,0.25
2622,13.065291,77.551976,776750.0,1445750.0,776750.0,1445750.0,10,Dodda Bommasandra,31,0.25
2623,13.065246,77.556584,777250.0,1445750.0,777250.0,1445750.0,10,Dodda Bommasandra,31,0.25
2624,13.0652,77.561191,777750.0,1445750.0,777750.0,1445750.0,10,Dodda Bommasandra,31,0.25
2625,13.065154,77.565799,778250.0,1445750.0,778250.0,1445750.0,9,Vidyaranyapura,31,0.25
2626,13.065108,77.570406,778750.0,1445750.0,778750.0,1445750.0,9,Vidyaranyapura,31,0.25
2627,13.065063,77.575013,779250.0,1445750.0,779250.0,1445750.0,9,Vidyaranyapura,31,0.25
2628,13.065017,77.579621,779750.0,1445750.0,779750.0,1445750.0,8,Kodigehalli,31,0.25
2629,13.064971,77.584228,780250.0,1445750.0,780250.0,1445750.0,7,Byatarayanapura,31,0.25
2630,13.064924,77.588835,780750.0,1445750.0,780750.0,1445750.0,7,Byatarayanapura,31,0.25
2631,13.064878,77.593442,781250.0,1445750.0,781250.0,1445750.0,7,Byatarayanapura,31,0.25
2632,13.064832,77.59805,781750.0,1445750.0,781750.0,1445750.0,7,Byatarayanapura,31,0.25
2633,13.064786,77.602657,782250.0,1445750.0,782250.0,1445750.0,7,Byatarayanapura,32,0.25
2634,13.064739,77.607264,782750.0,1445750.0,782750.0,1445750.0,7,Byatarayanapura,32,0.25
2635,13.064693,77.611871,783250.0,1445750.0,783250.0,1445750.0,6,Thanisandra,32,0.25
2636,13.064646,77.616478,783750.0,1445750.0,783750.0,1445750.0,6,Thanisandra,32,0.25
2637,13.064599,77.621085,784250.0,1445750.0,784250.0,1445750.0,6,Thanisandra,32,0.25
2638,13.064553,77.625693,784750.0,1445750.0,784750.0,1445750.0,6,Thanisandra,32,0.25
2639,13.064506,77.6303,785250.0,1445750.0,785250.0,1445750.0,6,Thanisandra,32,0.25
2640,13.064459,77.634907,785750.0,1445750.0,785750.0,1445750.0,6,Thanisandra,32,0.25
2641,13.064412,77.639514,786250.0,1445750.0,786250.0,1445750.0,25,Horamavu,32,0.25
2642,13.064365,77.644121,786750.0,1445750.0,786750.0,1445750.0,25,Horamavu,32,0.25
2643,13.064317,77.648728,787250.0,1445750.0,787250.0,1445750.0,25,Horamavu,32,0.25
2644,13.06427,77.653335,787750.0,1445750.0,787750.0,1445750.0,54,Hudi,33,0.25
2645,13.064223,77.657942,788250.0,1445750.0,788250.0,1445750.0,25,Horamavu,33,0.25
2646,13.064175,77.662549,788750.0,1445750.0,788750.0,1445750.0,25,Horamavu,33,0.25
2647,13.064099,77.667157,789250.18,1445746.8,789250.0,1445750.0,54,Hudi,33,0.246481
2648,13.06408,77.671763,789750.0,1445750.0,789750.0,1445750.0,54,Hudi,33,0.25
2649,13.063776,77.676092,790220.16,1445721.24,790250.0,1445750.0,54,Hudi,33,0.21025
2650,13.062365,77.678658,790500.26,1445568.07,790750.0,1445750.0,54,Hudi,33,7e-05
2651,13.070404,77.493566,770406.45,1446252.75,770250.0,1446250.0,14,Bagalakunte,29,0.093479
2652,13.070348,77.496732,770750.0,1446250.0,770750.0,1446250.0,14,Bagalakunte,29,0.25
2653,13.070304,77.50134,771250.0,1446250.0,771250.0,1446250.0,12,Shettihalli,30,0.25
2654,13.070259,77.505947,771750.0,1446250.0,771750.0,1446250.0,12,Shettihalli,30,0.25
2655,13.070214,77.510555,772250.0,1446250.0,772250.0,1446250.0,12,Shettihalli,30,0.25
2656,13.07017,77.515163,772750.0,1446250.0,772750.0,1446250.0,12,Shettihalli,30,0.25
2657,13.070125,77.51977,773250.0,1446250.0,773250.0,1446250.0,12,Shettihalli,30,0.25
2658,13.07008,77.524378,773750.0,1446250.0,773750.0,1446250.0,12,Shettihalli,30,0.25
2659,13.070035,77.528985,774250.0,1446250.0,774250.0,1446250.0,12,Shettihalli,30,0.25
2660,13.069989,77.533593,774750.0,1446250.0,774750.0,1446250.0,11,Kuvempu Nagar,30,0.25
2661,13.069944,77.5382,775250.0,1446250.0,775250.0,1446250.0,11,Kuvempu Nagar,30,0.25
2662,13.069899,77.542808,775750.0,1446250.0,775750.0,1446250.0,11,Kuvempu Nagar,30,0.25
2663,13.069853,77.547415,776250.0,1446250.0,776250.0,1446250.0,11,Kuvempu Nagar,30,0.25
2664,13.069808,77.552023,776750.0,1446250.0,776750.0,1446250.0,11,Kuvempu Nagar,31,0.25
2665,13.069762,77.55663,777250.0,1446250.0,777250.0,1446250.0,10,Dodda Bommasandra,31,0.25
2666,13.069717,77.561238,777750.0,1446250.0,777750.0,1446250.0,9,Vidyaranyapura,31,0.25
2667,13.069671,77.565845,778250.0,1446250.0,778250.0,1446250.0,9,Vidyaranyapura,31,0.25
2668,13.069625,77.570453,778750.0,1446250.0,778750.0,1446250.0,9,Vidyaranyapura,31,0.25
2669,13.069579,77.57506,779250.0,1446250.0,779250.0,1446250.0,9,Vidyaranyapura,31,0.25
2670,13.069533,77.579667,779750.0,1446250.0,779750.0,1446250.0,9,Vidyaranyapura,31,0.25
2671,13.069487,77.584275,780250.0,1446250.0,780250.0,1446250.0,9,Vidyaranyapura,31,0.25
2672,13.069441,77.588882,780750.0,1446250.0,780750.0,1446250.0,7,Byatarayanapura,31,0.25
2673,13.069395,77.593489,781250.0,1446250.0,781250.0,1446250.0,7,Byatarayanapura,31,0.25
2674,13.069349,77.598097,781750.0,1446250.0,781750.0,1446250.0,7,Byatarayanapura,31,0.25
2675,13.069302,77.602704,782250.0,1446250.0,782250.0,1446250.0,7,Byatarayanapura,32,0.25
2676,13.069256,77.607311,782750.0,1446250.0,782750.0,1446250.0,5,Jakkuru,32,0.25
2677,13.069209,77.611919,783250.0,1446250.0,783250.0,1446250.0,5,Jakkuru,32,0.25
2678,13.069163,77.616526,783750.0,1446250.0,783750.0,1446250.0,5,Jakkuru,32,0.25
2679,13.069116,77.621133,784250.0,1446250.0,784250.0,1446250.0,5,Jakkuru,32,0.25
2680,13.069069,77.62574,784750.0,1446250.0,784750.0,1446250.0,5,Jakkuru,32,0.25
2681,13.069022,77.630347,785250.0,1446250.0,785250.0,1446250.0,6,Thanisandra,32,0.25
2682,13.068975,77.634955,785750.0,1446250.0,785750.0,1446250.0,6,Thanisandra,32,0.25
2683,13.068928,77.639562,786250.0,1446250.0,786250.0,1446250.0,25,Horamavu,32,0.25
2684,13.068881,77.644169,786750.0,1446250.0,786750.0,1446250.0,25,Horamavu,32,0.25
2685,13.068834,77.648776,787250.0,1446250.0,787250.0,1446250.0,25,Horamavu,32,0.25
2686,13.068787,77.653383,787750.0,1446250.0,787750.0,1446250.0,54,Hudi,33,0.25
2687,13.068541,77.657763,788225.61,1446227.81,788250.0,1446250.0,25,Horamavu,33,0.219365
2688,13.067461,77.662465,788737.1,1446113.64,788750.0,1446250.0,25,Horamavu,33,0.112738
2689,13.066965,77.666811,789209.32,1446063.62,789250.0,1446250.0,25,Horamavu,33,0.04405
2690,13.066829,77.671548,789723.49,1446054.03,789750.0,1446250.0,54,Hudi,33,0.052163
2691,13.066569,77.675185,790118.47,1446029.42,790250.0,1446250.0,54,Hudi,33,0.014758
2692,13.07376,77.49357,770403.25,1446624.2,770250.0,1446750.0,14,Bagalakunte,29,0.048922
2693,13.073733,77.496726,770745.66,1446624.55,770750.0,1446750.0,14,Bagalakunte,29,0.12409
2694,13.074663,77.501555,771268.61,1446732.68,771250.0,1446750.0,12,Shettihalli,30,0.227128
2695,13.074776,77.505993,771750.0,1446750.0,771750.0,1446750.0,12,Shettihalli,30,0.25
2696,13.074627,77.510531,772242.53,1446738.35,772250.0,1446750.0,12,Shettihalli,30,0.23765
2697,13.074075,77.515149,772744.21,1446682.26,772750.0,1446750.0,12,Shettihalli,30,0.178051
2698,13.074642,77.519816,773250.0,1446750.0,773250.0,1446750.0,12,Shettihalli,30,0.25
2699,13.074597,77.524424,773750.0,1446750.0,773750.0,1446750.0,12,Shettihalli,30,0.25
2700,13.074551,77.529031,774250.0,1446750.0,774250.0,1446750.0,12,Shettihalli,30,0.25
2701,13.074506,77.533639,774750.0,1446750.0,774750.0,1446750.0,11,Kuvempu Nagar,30,0.25
2702,13.074461,77.538247,775250.0,1446750.0,775250.0,1446750.0,11,Kuvempu Nagar,30,0.25
2703,13.074416,77.542854,775750.0,1446750.0,775750.0,1446750.0,11,Kuvempu Nagar,30,0.25
2704,13.07437,77.547462,776250.0,1446750.0,776250.0,1446750.0,11,Kuvempu Nagar,30,0.25
2705,13.074325,77.552069,776750.0,1446750.0,776750.0,1446750.0,11,Kuvempu Nagar,31,0.25
2706,13.074279,77.556677,777250.0,1446750.0,777250.0,1446750.0,9,Vidyaranyapura,31,0.25
2707,13.074234,77.561284,777750.0,1446750.0,777750.0,1446750.0,9,Vidyaranyapura,31,0.25
2708,13.074188,77.565892,778250.0,1446750.0,778250.0,1446750.0,9,Vidyaranyapura,31,0.25
2709,13.074142,77.570499,778750.0,1446750.0,778750.0,1446750.0,9,Vidyaranyapura,31,0.25
2710,13.074096,77.575107,779250.0,1446750.0,779250.0,1446750.0,9,Vidyaranyapura,31,0.25
2711,13.07405,77.579714,779750.0,1446750.0,779750.0,1446750.0,9,Vidyaranyapura,31,0.25
2712,13.074004,77.584322,780250.0,1446750.0,780250.0,1446750.0,9,Vidyaranyapura,31,0.25
2713,13.073958,77.588929,780750.0,1446750.0,780750.0,1446750.0,9,Vidyaranyapura,31,0.25
2714,13.073912,77.593537,781250.0,1446750.0,781250.0,1446750.0,7,Byatarayanapura,31,0.25
2715,13.073865,77.598144,781750.0,1446750.0,781750.0,1446750.0,7,Byatarayanapura,31,0.25
2716,13.073819,77.602751,782250.0,1446750.0,782250.0,1446750.0,7,Byatarayanapura,32,0.25
2717,13.073772,77.607359,782750.0,1446750.0,782750.0,1446750.0,5,Jakkuru,32,0.25
2718,13.073726,77.611966,783250.0,1446750.0,783250.0,1446750.0,5,Jakkuru,32,0.25
2719,13.073679,77.616573,783750.0,1446750.0,783750.0,1446750.0,5,Jakkuru,32,0.25
2720,13.073632,77.621181,784250.0,1446750.0,784250.0,1446750.0,5,Jakkuru,32,0.25
2721,13.073586,77.625788,784750.0,1446750.0,784750.0,1446750.0,5,Jakkuru,32,0.25
2722,13.073539,77.630395,785250.0,1446750.0,785250.0,1446750.0,6,Thanisandra,32,0.25
2723,13.073492,77.635003,785750.0,1446750.0,785750.0,1446750.0,6,Thanisandra,32,0.25
2724,13.073445,77.63961,786250.0,1446750.0,786250.0,1446750.0,25,Horamavu,32,0.25
2725,13.073398,77.644217,786750.0,1446750.0,786750.0,1446750.0,25,Horamavu,32,0.25
2726,13.07335,77.648824,787250.0,1446750.0,787250.0,1446750.0,25,Horamavu,32,0.25
2727,13.073299,77.653427,787749.48,1446749.51,787750.0,1446750.0,54,Hudi,33,0.249466
2728,13.072553,77.656776,788113.76,1446670.81,788250.0,1446750.0,25,Horamavu,33,0.086641
2729,13.07816,77.502773,771396.88,1447121.06,771250.0,1447250.0,12,Shettihalli,30,0.056164
2730,13.078804,77.505549,771697.46,1447195.31,771750.0,1447250.0,12,Shettihalli,30,0.167607
2731,13.07727,77.508889,772061.53,1447029.11,772250.0,1447250.0,12,Shettihalli,30,0.008059
2732,13.079956,77.517466,772989.19,1447335.69,772750.0,1447250.0,12,Shettihalli,30,0.005169
2733,13.079159,77.51987,773250.9,1447250.1,773250.0,1447250.0,12,Shettihalli,30,0.249085
2734,13.079114,77.52447,773750.0,1447250.0,773750.0,1447250.0,12,Shettihalli,30,0.25
2735,13.079068,77.529077,774250.0,1447250.0,774250.0,1447250.0,12,Shettihalli,30,0.25
2736,13.079023,77.533685,774750.0,1447250.0,774750.0,1447250.0,11,Kuvempu Nagar,30,0.25
2737,13.078978,77.538293,775250.0,1447250.0,775250.0,1447250.0,11,Kuvempu Nagar,30,0.25
2738,13.078933,77.542901,775750.0,1447250.0,775750.0,1447250.0,11,Kuvempu Nagar,30,0.25
2739,13.078887,77.547508,776250.0,1447250.0,776250.0,1447250.0,11,Kuvempu Nagar,30,0.25
2740,13.078842,77.552116,776750.0,1447250.0,776750.0,1447250.0,11,Kuvempu Nagar,31,0.25
2741,13.078796,77.556723,777250.0,1447250.0,777250.0,1447250.0,9,Vidyaranyapura,31,0.25
2742,13.07875,77.561331,777750.0,1447250.0,777750.0,1447250.0,9,Vidyaranyapura,31,0.25
2743,13.078705,77.565939,778250.0,1447250.0,778250.0,1447250.0,9,Vidyaranyapura,31,0.25
2744,13.078659,77.570546,778750.0,1447250.0,778750.0,1447250.0,9,Vidyaranyapura,31,0.25
2745,13.078613,77.575154,779250.0,1447250.0,779250.0,1447250.0,9,Vidyaranyapura,31,0.25
2746,13.078567,77.579761,779750.0,1447250.0,779750.0,1447250.0,9,Vidyaranyapura,31,0.25
2747,13.078521,77.584369,780250.0,1447250.0,780250.0,1447250.0,4,Yelahanka Satellite Town,31,0.25
2748,13.078475,77.588976,780750.0,1447250.0,780750.0,1447250.0,4,Yelahanka Satellite Town,31,0.25
2749,13.078428,77.593584,781250.0,1447250.0,781250.0,1447250.0,7,Byatarayanapura,31,0.25
2750,13.078382,77.598191,781750.0,1447250.0,781750.0,1447250.0,7,Byatarayanapura,31,0.25
2751,13.078336,77.602799,782250.0,1447250.0,782250.0,1447250.0,7,Byatarayanapura,32,0.25
2752,13.078289,77.607406,782750.0,1447250.0,782750.0,1447250.0,5,Jakkuru,32,0.25
2753,13.078242,77.612014,783250.0,1447250.0,783250.0,1447250.0,5,Jakkuru,32,0.25
2754,13.078196,77.616621,783750.0,1447250.0,783750.0,1447250.0,5,Jakkuru,32,0.25
2755,13.078149,77.621229,784250.0,1447250.0,784250.0,1447250.0,5,Jakkuru,32,0.25
2756,13.078102,77.625836,784750.0,1447250.0,784750.0,1447250.0,5,Jakkuru,32,0.25
2757,13.078055,77.630443,785250.0,1447250.0,785250.0,1447250.0,5,Jakkuru,32,0.25
2758,13.078008,77.635051,785750.0,1447250.0,785750.0,1447250.0,5,Jakkuru,32,0.25
2759,13.077961,77.639658,786250.0,1447250.0,786250.0,1447250.0,5,Jakkuru,32,0.25
2760,13.077914,77.644265,786750.0,1447250.0,786750.0,1447250.0,25,Horamavu,32,0.25
2761,13.077867,77.648872,787250.0,1447250.0,787250.0,1447250.0,25,Horamavu,32,0.25
2762,13.077669,77.652879,787684.96,1447232.61,787750.0,1447250.0,54,Hudi,33,0.182243
2763,13.083215,77.52068,773334.28,1447699.85,773250.0,1447750.0,12,Shettihalli,30,0.147843
2764,13.083549,77.524459,773743.92,1447740.98,773750.0,1447750.0,12,Shettihalli,30,0.240468
2765,13.083206,77.529263,774265.55,1447708.2,774250.0,1447750.0,11,Kuvempu Nagar,30,0.202763
2766,13.08354,77.533731,774750.0,1447750.0,774750.0,1447750.0,11,Kuvempu Nagar,30,0.249998
2767,13.083495,77.538339,775250.0,1447750.0,775250.0,1447750.0,11,Kuvempu Nagar,30,0.25
2768,13.083449,77.542947,775750.0,1447750.0,775750.0,1447750.0,11,Kuvempu Nagar,30,0.25
2769,13.083404,77.547555,776250.0,1447750.0,776250.0,1447750.0,3,Atturu,30,0.25
2770,13.083358,77.552162,776750.0,1447750.0,776750.0,1447750.0,11,Kuvempu Nagar,31,0.25
2771,13.083313,77.55677,777250.0,1447750.0,777250.0,1447750.0,11,Kuvempu Nagar,31,0.25
2772,13.083267,77.561378,777750.0,1447750.0,777750.0,1447750.0,9,Vidyaranyapura,31,0.25
2773,13.083221,77.565985,778250.0,1447750.0,778250.0,1447750.0,9,Vidyaranyapura,31,0.25
2774,13.083175,77.570593,778750.0,1447750.0,778750.0,1447750.0,9,Vidyaranyapura,31,0.25
2775,13.08313,77.575201,779250.0,1447750.0,779250.0,1447750.0,9,Vidyaranyapura,31,0.25
2776,13.083084,77.579808,779750.0,1447750.0,779750.0,1447750.0,9,Vidyaranyapura,31,0.25
2777,13.083037,77.584416,780250.0,1447750.0,780250.0,1447750.0,4,Yelahanka Satellite Town,31,0.25
2778,13.082991,77.589024,780750.0,1447750.0,780750.0,1447750.0,4,Yelahanka Satellite Town,31,0.25
2779,13.082945,77.593631,781250.0,1447750.0,781250.0,1447750.0,7,Byatarayanapura,31,0.25
2780,13.082899,77.598239,781750.0,1447750.0,781750.0,1447750.0,7,Byatarayanapura,31,0.25
2781,13.082852,77.602846,782250.0,1447750.0,782250.0,1447750.0,7,Byatarayanapura,32,0.25
2782,13.082806,77.607454,782750.0,1447750.0,782750.0,1447750.0,5,Jakkuru,32,0.25
2783,13.082759,77.612061,783250.0,1447750.0,783250.0,1447750.0,5,Jakkuru,32,0.25
2784,13.082712,77.616669,783750.0,1447750.0,783750.0,1447750.0,5,Jakkuru,32,0.25
2785,13.082666,77.621276,784250.0,1447750.0,784250.0,1447750.0,5,Jakkuru,32,0.25
2786,13.082619,77.625884,784750.0,1447750.0,784750.0,1447750.0,5,Jakkuru,32,0.25
2787,13.082572,77.630491,785250.0,1447750.0,785250.0,1447750.0,5,Jakkuru,32,0.25
2788,13.082525,77.635099,785750.0,1447750.0,785750.0,1447750.0,5,Jakkuru,32,0.25
2789,13.082478,77.639706,786250.0,1447750.0,786250.0,1447750.0,5,Jakkuru,32,0.25
2790,13.082431,77.644313,786750.0,1447750.0,786750.0,1447750.0,5,Jakkuru,32,0.25
2791,13.081843,77.64877,787234.31,1447689.99,787250.0,1447750.0,25,Horamavu,32,0.184898
2792,13.081682,77.652487,787637.74,1447676.47,787750.0,1447750.0,54,Hudi,33,0.099606
2793,13.086364,77.521754,773447.4,1448049.58,773250.0,1448250.0,12,Shettihalli,30,0.011015
2794,13.086207,77.522985,773581.08,1448033.56,773750.0,1448250.0,12,Shettihalli,30,0.012188
2795,13.086888,77.53463,774843.83,1448121.52,774750.0,1448250.0,11,Kuvempu Nagar,30,0.084832
2796,13.087999,77.538399,775251.54,1448248.56,775250.0,1448250.0,11,Kuvempu Nagar,30,0.248387
2797,13.087966,77.542993,775750.0,1448250.0,775750.0,1448250.0,3,Atturu,30,0.25
2798,13.087921,77.547601,776250.0,1448250.0,776250.0,1448250.0,3,Atturu,30,0.25
2799,13.087875,77.552209,776750.0,1448250.0,776750.0,1448250.0,3,Atturu,31,0.25
2800,13.08783,77.556817,777250.0,1448250.0,777250.0,1448250.0,3,Atturu,31,0.25
2801,13.087784,77.561424,777750.0,1448250.0,777750.0,1448250.0,9,Vidyaranyapura,31,0.25
2802,13.087738,77.566032,778250.0,1448250.0,778250.0,1448250.0,9,Vidyaranyapura,31,0.25
2803,13.087692,77.57064,778750.0,1448250.0,778750.0,1448250.0,9,Vidyaranyapura,31,0.25
2804,13.087646,77.575248,779250.0,1448250.0,779250.0,1448250.0,9,Vidyaranyapura,31,0.25
2805,13.0876,77.579855,779750.0,1448250.0,779750.0,1448250.0,9,Vidyaranyapura,31,0.25
2806,13.087554,77.584463,780250.0,1448250.0,780250.0,1448250.0,4,Yelahanka Satellite Town,31,0.25
2807,13.087508,77.589071,780750.0,1448250.0,780750.0,1448250.0,4,Yelahanka Satellite Town,31,0.25
2808,13.087462,77.593678,781250.0,1448250.0,781250.0,1448250.0,4,Yelahanka Satellite Town,31,0.25
2809,13.087415,77.598286,781750.0,1448250.0,781750.0,1448250.0,1,Kempegowda Ward,31,0.25
2810,13.087369,77.602894,782250.0,1448250.0,782250.0,1448250.0,1,Kempegowda Ward,32,0.25
2811,13.087322,77.607501,782750.0,1448250.0,782750.0,1448250.0,5,Jakkuru,32,0.25
2812,13.087276,77.612109,783250.0,1448250.0,783250.0,1448250.0,5,Jakkuru,32,0.25
2813,13.087229,77.616716,783750.0,1448250.0,783750.0,1448250.0,5,Jakkuru,32,0.25
2814,13.087182,77.621324,784250.0,1448250.0,784250.0,1448250.0,5,Jakkuru,32,0.25
2815,13.087135,77.625932,784750.0,1448250.0,784750.0,1448250.0,5,Jakkuru,32,0.25
2816,13.087088,77.630539,785250.0,1448250.0,785250.0,1448250.0,5,Jakkuru,32,0.25
2817,13.087041,77.635147,785750.0,1448250.0,785750.0,1448250.0,5,Jakkuru,32,0.25
2818,13.086994,77.639753,786249.94,1448249.98,786250.0,1448250.0,5,Jakkuru,32,0.249939
2819,13.086122,77.644118,786724.49,1448158.36,786750.0,1448250.0,5,Jakkuru,32,0.147552
2820,13.084795,77.646759,787012.65,1448014.54,787250.0,1448250.0,25,Horamavu,32,0.000828
2821,13.092327,77.539001,775311.99,1448728.27,775250.0,1448750.0,3,Atturu,30,0.183847
2822,13.092483,77.54304,775750.0,1448750.0,775750.0,1448750.0,3,Atturu,30,0.25
2823,13.092438,77.547647,776250.0,1448750.0,776250.0,1448750.0,3,Atturu,30,0.25
2824,13.092392,77.552255,776750.0,1448750.0,776750.0,1448750.0,3,Atturu,31,0.25
2825,13.092346,77.556863,777250.0,1448750.0,777250.0,1448750.0,3,Atturu,31,0.25
2826,13.092301,77.561471,777750.0,1448750.0,777750.0,1448750.0,9,Vidyaranyapura,31,0.25
2827,13.092255,77.566079,778250.0,1448750.0,778250.0,1448750.0,9,Vidyaranyapura,31,0.25
2828,13.092209,77.570687,778750.0,1448750.0,778750.0,1448750.0,4,Yelahanka Satellite Town,31,0.25
2829,13.092163,77.575295,779250.0,1448750.0,779250.0,1448750.0,4,Yelahanka Satellite Town,31,0.25
2830,13.092117,77.579902,779750.0,1448750.0,779750.0,1448750.0,4,Yelahanka Satellite Town,31,0.25
2831,13.092071,77.58451,780250.0,1448750.0,780250.0,1448750.0,4,Yelahanka Satellite Town,31,0.25
2832,13.092025,77.589118,780750.0,1448750.0,780750.0,1448750.0,4,Yelahanka Satellite Town,31,0.25
2833,13.091978,77.593726,781250.0,1448750.0,781250.0,1448750.0,4,Yelahanka Satellite Town,31,0.25
2834,13.091932,77.598333,781750.0,1448750.0,781750.0,1448750.0,1,Kempegowda Ward,31,0.25
2835,13.091885,77.602941,782250.0,1448750.0,782250.0,1448750.0,5,Jakkuru,32,0.25
2836,13.091839,77.607549,782750.0,1448750.0,782750.0,1448750.0,5,Jakkuru,32,0.25
2837,13.091792,77.612156,783250.0,1448750.0,783250.0,1448750.0,5,Jakkuru,32,0.25
2838,13.091746,77.616764,783750.0,1448750.0,783750.0,1448750.0,5,Jakkuru,32,0.25
2839,13.091699,77.621372,784250.0,1448750.0,784250.0,1448750.0,5,Jakkuru,32,0.25
2840,13.091652,77.625979,784750.0,1448750.0,784750.0,1448750.0,5,Jakkuru,32,0.25
2841,13.091605,77.630587,785250.0,1448750.0,785250.0,1448750.0,5,Jakkuru,32,0.25
2842,13.091558,77.635195,785750.0,1448750.0,785750.0,1448750.0,5,Jakkuru,32,0.25
2843,13.091511,77.639802,786250.0,1448750.0,786250.0,1448750.0,5,Jakkuru,32,0.25
2844,13.091934,77.643248,786623.35,1448800.8,786750.0,1448750.0,5,Jakkuru,32,0.109757
2845,13.096371,77.539953,775410.78,1449176.97,775250.0,1449250.0,3,Atturu,30,0.071026
2846,13.097,77.543086,775750.0,1449250.0,775750.0,1449250.0,3,Atturu,30,0.25
2847,13.096954,77.547694,776250.0,1449250.0,776250.0,1449250.0,3,Atturu,30,0.25
2848,13.096909,77.552302,776750.0,1449250.0,776750.0,1449250.0,3,Atturu,31,0.25
2849,13.096863,77.55691,777250.0,1449250.0,777250.0,1449250.0,3,Atturu,31,0.25
2850,13.096817,77.561518,777750.0,1449250.0,777750.0,1449250.0,9,Vidyaranyapura,31,0.25
2851,13.096772,77.566126,778250.0,1449250.0,778250.0,1449250.0,9,Vidyaranyapura,31,0.25
2852,13.096726,77.570734,778750.0,1449250.0,778750.0,1449250.0,4,Yelahanka Satellite Town,31,0.25
2853,13.09668,77.575342,779250.0,1449250.0,779250.0,1449250.0,4,Yelahanka Satellite Town,31,0.25
2854,13.096634,77.579949,779750.0,1449250.0,779750.0,1449250.0,4,Yelahanka Satellite Town,31,0.25
2855,13.096588,77.584557,780250.0,1449250.0,780250.0,1449250.0,4,Yelahanka Satellite Town,31,0.25
2856,13.096541,77.589165,780750.0,1449250.0,780750.0,1449250.0,4,Yelahanka Satellite Town,31,0.25
2857,13.096495,77.593773,781250.0,1449250.0,781250.0,1449250.0,1,Kempegowda Ward,31,0.25
2858,13.096449,77.598381,781750.0,1449250.0,781750.0,1449250.0,1,Kempegowda Ward,31,0.25
2859,13.096402,77.602989,782250.0,1449250.0,782250.0,1449250.0,5,Jakkuru,32,0.25
2860,13.096355,77.607596,782750.0,1449250.0,782750.0,1449250.0,5,Jakkuru,32,0.25
2861,13.096309,77.612204,783250.0,1449250.0,783250.0,1449250.0,5,Jakkuru,32,0.25
2862,13.096262,77.616812,783750.0,1449250.0,783750.0,1449250.0,5,Jakkuru,32,0.25
2863,13.096215,77.62142,784250.0,1449250.0,784250.0,1449250.0,5,Jakkuru,32,0.25
2864,13.096168,77.626027,784750.0,1449250.0,784750.0,1449250.0,5,Jakkuru,32,0.25
2865,13.096121,77.630635,785250.0,1449250.0,785250.0,1449250.0,5,Jakkuru,32,0.25
2866,13.096074,77.635243,785750.0,1449250.0,785750.0,1449250.0,5,Jakkuru,32,0.25
2867,13.096027,77.63985,786250.0,1449250.0,786250.0,1449250.0,5,Jakkuru,32,0.25
2868,13.096107,77.644297,786732.42,1449263.87,786750.0,1449250.0,5,Jakkuru,32,0.229899
2869,13.09753,77.64715,787040.31,1449424.69,787250.0,1449250.0,5,Jakkuru,32,0.01366
2870,13.099339,77.540761,775495.19,1449506.41,775250.0,1449750.0,3,Atturu,30,0.000139
2871,13.100132,77.543477,775788.96,1449597.11,775750.0,1449750.0,3,Atturu,34,0.08906
2872,13.100201,77.547693,776246.27,1449609.4,776250.0,1449750.0,3,Atturu,34,0.10932
2873,13.100033,77.552328,776749.3,1449595.84,776750.0,1449750.0,3,Atturu,35,0.09208
2874,13.101378,77.556959,777250.27,1449749.76,777250.0,1449750.0,3,Atturu,35,0.249731
2875,13.101334,77.561565,777750.0,1449750.0,777750.0,1449750.0,3,Atturu,35,0.25
2876,13.101288,77.566173,778250.0,1449750.0,778250.0,1449750.0,3,Atturu,35,0.25
2877,13.101242,77.570781,778750.0,1449750.0,778750.0,1449750.0,3,Atturu,35,0.25
2878,13.101196,77.575389,779250.0,1449750.0,779250.0,1449750.0,3,Atturu,35,0.25
2879,13.10115,77.579996,779750.0,1449750.0,779750.0,1449750.0,3,Atturu,35,0.25
2880,13.101104,77.584604,780250.0,1449750.0,780250.0,1449750.0,4,Yelahanka Satellite Town,35,0.25
2881,13.101058,77.589212,780750.0,1449750.0,780750.0,1449750.0,2,Chowdeswari Ward,35,0.25
2882,13.101012,77.59382,781250.0,1449750.0,781250.0,1449750.0,1,Kempegowda Ward,35,0.25
2883,13.100965,77.598428,781750.0,1449750.0,781750.0,1449750.0,1,Kempegowda Ward,35,0.25
2884,13.100919,77.603036,782250.0,1449750.0,782250.0,1449750.0,5,Jakkuru,36,0.25
2885,13.100872,77.607644,782750.0,1449750.0,782750.0,1449750.0,5,Jakkuru,36,0.25
2886,13.100825,77.612252,783250.0,1449750.0,783250.0,1449750.0,5,Jakkuru,36,0.25
2887,13.100779,77.61686,783750.0,1449750.0,783750.0,1449750.0,5,Jakkuru,36,0.25
2888,13.100732,77.621467,784250.0,1449750.0,784250.0,1449750.0,5,Jakkuru,36,0.25
2889,13.100685,77.626075,784750.0,1449750.0,784750.0,1449750.0,5,Jakkuru,36,0.25
2890,13.100638,77.630683,785250.0,1449750.0,785250.0,1449750.0,5,Jakkuru,36,0.25
2891,13.100591,77.635291,785750.0,1449750.0,785750.0,1449750.0,5,Jakkuru,36,0.25
2892,13.100544,77.639898,786250.0,1449750.0,786250.0,1449750.0,5,Jakkuru,36,0.25
2893,13.100496,77.644506,786750.0,1449750.0,786750.0,1449750.0,5,Jakkuru,36,0.25
2894,13.100622,77.647716,787098.12,1449767.51,787250.0,1449750.0,5,Jakkuru,36,0.096414
2895,13.105744,77.557307,777283.13,1450233.41,777250.0,1450250.0,3,Atturu,35,0.213988
2896,13.105851,77.561611,777750.0,1450250.0,777750.0,1450250.0,3,Atturu,35,0.25
2897,13.105805,77.566219,778250.0,1450250.0,778250.0,1450250.0,3,Atturu,35,0.25
2898,13.105759,77.570827,778750.0,1450250.0,778750.0,1450250.0,3,Atturu,35,0.25
2899,13.105713,77.575436,779250.0,1450250.0,779250.0,1450250.0,3,Atturu,35,0.25
2900,13.105667,77.580044,779750.0,1450250.0,779750.0,1450250.0,3,Atturu,35,0.25
2901,13.105621,77.584652,780250.0,1450250.0,780250.0,1450250.0,2,Chowdeswari Ward,35,0.25
2902,13.105575,77.58926,780750.0,1450250.0,780750.0,1450250.0,2,Chowdeswari Ward,35,0.25
2903,13.105528,77.593868,781250.0,1450250.0,781250.0,1450250.0,2,Chowdeswari Ward,35,0.25
2904,13.105482,77.598476,781750.0,1450250.0,781750.0,1450250.0,1,Kempegowda Ward,35,0.25
2905,13.105435,77.603084,782250.0,1450250.0,782250.0,1450250.0,1,Kempegowda Ward,36,0.25
2906,13.105389,77.607691,782750.0,1450250.0,782750.0,1450250.0,1,Kempegowda Ward,36,0.25
2907,13.105342,77.612299,783250.0,1450250.0,783250.0,1450250.0,5,Jakkuru,36,0.25
2908,13.105295,77.616907,783750.0,1450250.0,783750.0,1450250.0,5,Jakkuru,36,0.25
2909,13.105248,77.621515,784250.0,1450250.0,784250.0,1450250.0,5,Jakkuru,36,0.25
2910,13.105201,77.626123,784750.0,1450250.0,784750.0,1450250.0,5,Jakkuru,36,0.25
2911,13.105154,77.630731,785250.0,1450250.0,785250.0,1450250.0,5,Jakkuru,36,0.25
2912,13.105081,77.635309,785746.84,1450247.04,785750.0,1450250.0,5,Jakkuru,36,0.246552
2913,13.10455,77.639864,786241.63,1450193.44,786250.0,1450250.0,5,Jakkuru,36,0.192797
2914,13.104155,77.644449,786739.52,1450154.88,786750.0,1450250.0,5,Jakkuru,36,0.154064
2915,13.103872,77.647896,787113.91,1450127.5,787250.0,1450250.0,5,Jakkuru,36,0.058624
2916,13.110032,77.558209,777376.18,1450709.08,777250.0,1450750.0,3,Atturu,35,0.114602
2917,13.110368,77.561658,777750.0,1450750.0,777750.0,1450750.0,3,Atturu,35,0.25
2918,13.110322,77.566266,778250.0,1450750.0,778250.0,1450750.0,3,Atturu,35,0.25
2919,13.110276,77.570874,778750.0,1450750.0,778750.0,1450750.0,3,Atturu,35,0.25
2920,13.11023,77.575483,779250.0,1450750.0,779250.0,1450750.0,2,Chowdeswari Ward,35,0.25
2921,13.110184,77.580091,779750.0,1450750.0,779750.0,1450750.0,2,Chowdeswari Ward,35,0.25
2922,13.110138,77.584699,780250.0,1450750.0,780250.0,1450750.0,2,Chowdeswari Ward,35,0.25
2923,13.110091,77.589307,780750.0,1450750.0,780750.0,1450750.0,2,Chowdeswari Ward,35,0.25
2924,13.110045,77.593915,781250.0,1450750.0,781250.0,1450750.0,1,Kempegowda Ward,35,0.25
2925,13.109998,77.598523,781750.0,1450750.0,781750.0,1450750.0,1,Kempegowda Ward,35,0.25
2926,13.109952,77.603131,782250.0,1450750.0,782250.0,1450750.0,1,Kempegowda Ward,36,0.25
2927,13.109905,77.607739,782750.0,1450750.0,782750.0,1450750.0,1,Kempegowda Ward,36,0.25
2928,13.109859,77.612347,783250.0,1450750.0,783250.0,1450750.0,5,Jakkuru,36,0.25
2929,13.109812,77.616955,783750.0,1450750.0,783750.0,1450750.0,5,Jakkuru,36,0.25
2930,13.109765,77.621563,784250.0,1450750.0,784250.0,1450750.0,5,Jakkuru,36,0.25
2931,13.109718,77.626171,784750.0,1450750.0,784750.0,1450750.0,5,Jakkuru,36,0.25
2932,13.109671,77.630779,785250.0,1450750.0,785250.0,1450750.0,5,Jakkuru,36,0.25
2933,13.109643,77.635366,785747.66,1450752.04,785750.0,1450750.0,5,Jakkuru,36,0.247564
2934,13.110736,77.63804,786036.6,1450876.14,786250.0,1450750.0,5,Jakkuru,36,0.020398
2935,13.113901,77.559029,777460.86,1451138.19,777250.0,1451250.0,3,Atturu,35,0.024338
2936,13.114876,77.561714,777751.0,1451249.09,777750.0,1451250.0,3,Atturu,35,0.248974
2937,13.114839,77.566313,778250.0,1451250.0,778250.0,1451250.0,3,Atturu,35,0.25
2938,13.114793,77.570921,778750.0,1451250.0,778750.0,1451250.0,3,Atturu,35,0.25
2939,13.114747,77.57553,779250.0,1451250.0,779250.0,1451250.0,2,Chowdeswari Ward,35,0.25
2940,13.114701,77.580138,779750.0,1451250.0,779750.0,1451250.0,2,Chowdeswari Ward,35,0.25
2941,13.114654,77.584746,780250.0,1451250.0,780250.0,1451250.0,2,Chowdeswari Ward,35,0.25
2942,13.114608,77.589354,780750.0,1451250.0,780750.0,1451250.0,1,Kempegowda Ward,35,0.25
2943,13.114562,77.593962,781250.0,1451250.0,781250.0,1451250.0,1,Kempegowda Ward,35,0.25
2944,13.114515,77.59857,781750.0,1451250.0,781750.0,1451250.0,1,Kempegowda Ward,35,0.25
2945,13.114469,77.603179,782250.0,1451250.0,782250.0,1451250.0,1,Kempegowda Ward,36,0.25
2946,13.114422,77.607787,782750.0,1451250.0,782750.0,1451250.0,1,Kempegowda Ward,36,0.25
2947,13.114375,77.612395,783250.0,1451250.0,783250.0,1451250.0,5,Jakkuru,36,0.25
2948,13.114328,77.617003,783750.0,1451250.0,783750.0,1451250.0,5,Jakkuru,36,0.25
2949,13.114282,77.621611,784250.0,1451250.0,784250.0,1451250.0,5,Jakkuru,36,0.25
2950,13.114235,77.626219,784750.0,1451250.0,784750.0,1451250.0,5,Jakkuru,36,0.25
2951,13.114188,77.630827,785250.0,1451250.0,785250.0,1451250.0,5,Jakkuru,36,0.25
2952,13.114132,77.635427,785749.1,1451249.11,785750.0,1451250.0,5,Jakkuru,36,0.249049
2953,13.113605,77.638371,786069.12,1451194.06,786250.0,1451250.0,5,Jakkuru,36,0.054042
2954,13.119272,77.562137,777791.93,1451736.07,777750.0,1451750.0,3,Atturu,35,0.20613
2955,13.119355,77.56636,778250.0,1451750.0,778250.0,1451750.0,3,Atturu,35,0.25
2956,13.119309,77.570968,778750.0,1451750.0,778750.0,1451750.0,3,Atturu,35,0.25
2957,13.119263,77.575577,779250.0,1451750.0,779250.0,1451750.0,2,Chowdeswari Ward,35,0.25
2958,13.119217,77.580185,779750.0,1451750.0,779750.0,1451750.0,2,Chowdeswari Ward,35,0.25
2959,13.119171,77.584793,780250.0,1451750.0,780250.0,1451750.0,2,Chowdeswari Ward,35,0.25
2960,13.119125,77.589401,780750.0,1451750.0,780750.0,1451750.0,1,Kempegowda Ward,35,0.25
2961,13.119078,77.59401,781250.0,1451750.0,781250.0,1451750.0,1,Kempegowda Ward,35,0.25
2962,13.119032,77.598618,781750.0,1451750.0,781750.0,1451750.0,1,Kempegowda Ward,35,0.25
2963,13.118985,77.603226,782250.0,1451750.0,782250.0,1451750.0,1,Kempegowda Ward,36,0.25
2964,13.118939,77.607834,782750.0,1451750.0,782750.0,1451750.0,1,Kempegowda Ward,36,0.25
2965,13.118892,77.612443,783250.0,1451750.0,783250.0,1451750.0,5,Jakkuru,36,0.25
2966,13.118845,77.617051,783750.0,1451750.0,783750.0,1451750.0,5,Jakkuru,36,0.25
2967,13.118798,77.621659,784250.0,1451750.0,784250.0,1451750.0,5,Jakkuru,36,0.25
2968,13.118751,77.626267,784750.0,1451750.0,784750.0,1451750.0,5,Jakkuru,36,0.25
2969,13.118704,77.630875,785250.0,1451750.0,785250.0,1451750.0,5,Jakkuru,36,0.25
2970,13.118021,77.634593,785654.13,1451678.64,785750.0,1451750.0,5,Jakkuru,36,0.123851
2971,13.123663,77.562898,777869.59,1452222.97,777750.0,1452250.0,3,Atturu,35,0.125985
2972,13.123872,77.566407,778250.0,1452250.0,778250.0,1452250.0,3,Atturu,35,0.25
2973,13.123826,77.571015,778750.0,1452250.0,778750.0,1452250.0,3,Atturu,35,0.25
2974,13.12378,77.575624,779250.0,1452250.0,779250.0,1452250.0,2,Chowdeswari Ward,35,0.25
2975,13.123734,77.580232,779750.0,1452250.0,779750.0,1452250.0,2,Chowdeswari Ward,35,0.25
2976,13.123688,77.58484,780250.0,1452250.0,780250.0,1452250.0,2,Chowdeswari Ward,35,0.25
2977,13.123641,77.589449,780750.0,1452250.0,780750.0,1452250.0,1,Kempegowda Ward,35,0.25
2978,13.123595,77.594057,781250.0,1452250.0,781250.0,1452250.0,1,Kempegowda Ward,35,0.25
2979,13.123548,77.598665,781750.0,1452250.0,781750.0,1452250.0,1,Kempegowda Ward,35,0.25
2980,13.123502,77.603274,782250.0,1452250.0,782250.0,1452250.0,1,Kempegowda Ward,36,0.25
2981,13.123455,77.607882,782750.0,1452250.0,782750.0,1452250.0,1,Kempegowda Ward,36,0.25
2982,13.123408,77.61249,783250.0,1452250.0,783250.0,1452250.0,5,Jakkuru,36,0.25
2983,13.123362,77.617098,783750.0,1452250.0,783750.0,1452250.0,5,Jakkuru,36,0.25
2984,13.123315,77.621707,784250.0,1452250.0,784250.0,1452250.0,5,Jakkuru,36,0.25
2985,13.123268,77.626315,784750.0,1452250.0,784750.0,1452250.0,5,Jakkuru,36,0.25
2986,13.122727,77.630307,785183.76,1452194.67,785250.0,1452250.0,5,Jakkuru,36,0.160136
2987,13.121064,77.633314,785511.86,1452013.98,785750.0,1452250.0,5,Jakkuru,36,0.000746
2988,13.126915,77.563462,777927.14,1452583.55,777750.0,1452750.0,3,Atturu,35,0.025391
2989,13.127425,77.566973,778307.46,1452643.82,778250.0,1452750.0,3,Atturu,35,0.101233
2990,13.128343,77.571062,778750.0,1452750.0,778750.0,1452750.0,2,Chowdeswari Ward,35,0.25
2991,13.128297,77.575671,779250.0,1452750.0,779250.0,1452750.0,2,Chowdeswari Ward,35,0.25
2992,13.128251,77.580279,779750.0,1452750.0,779750.0,1452750.0,2,Chowdeswari Ward,35,0.25
2993,13.128204,77.584888,780250.0,1452750.0,780250.0,1452750.0,2,Chowdeswari Ward,35,0.25
2994,13.128158,77.589496,780750.0,1452750.0,780750.0,1452750.0,1,Kempegowda Ward,35,0.25
2995,13.128112,77.594104,781250.0,1452750.0,781250.0,1452750.0,1,Kempegowda Ward,35,0.25
2996,13.128065,77.598713,781750.0,1452750.0,781750.0,1452750.0,1,Kempegowda Ward,35,0.25
2997,13.128018,77.603321,782250.0,1452750.0,782250.0,1452750.0,1,Kempegowda Ward,36,0.25
2998,13.127972,77.60793,782750.0,1452750.0,782750.0,1452750.0,1,Kempegowda Ward,36,0.25
2999,13.127925,77.612538,783250.0,1452750.0,783250.0,1452750.0,1,Kempegowda Ward,36,0.25
3000,13.127878,77.617146,783750.0,1452750.0,783750.0,1452750.0,5,Jakkuru,36,0.25
3001,13.127748,77.621676,784241.59,1452740.69,784250.0,1452750.0,5,Jakkuru,36,0.239416
3002,13.1267,77.625766,784686.44,1452629.28,784750.0,1452750.0,5,Jakkuru,36,0.108281
3003,13.125655,77.628884,785025.92,1452517.13,785250.0,1452750.0,5,Jakkuru,36,0.001998
3004,13.132427,77.568573,778475.34,1453199.29,778250.0,1453250.0,2,Chowdeswari Ward,35,0.021883
3005,13.13286,77.571109,778750.0,1453250.0,778750.0,1453250.0,2,Chowdeswari Ward,35,0.25
3006,13.132814,77.575718,779250.0,1453250.0,779250.0,1453250.0,2,Chowdeswari Ward,35,0.25
3007,13.132767,77.580326,779750.0,1453250.0,779750.0,1453250.0,2,Chowdeswari Ward,35,0.25
3008,13.132689,77.584946,780251.23,1453246.48,780250.0,1453250.0,1,Kempegowda Ward,35,0.246417
3009,13.132671,77.58954,780749.66,1453249.64,780750.0,1453250.0,1,Kempegowda Ward,35,0.249637
3010,13.132588,77.594155,781250.41,1453245.5,781250.0,1453250.0,1,Kempegowda Ward,35,0.245499
3011,13.13256,77.598761,781750.08,1453247.56,781750.0,1453250.0,1,Kempegowda Ward,35,0.247564
3012,13.132444,77.603315,782244.21,1453239.91,782250.0,1453250.0,1,Kempegowda Ward,36,0.239377
3013,13.132164,77.607976,782750.23,1453214.08,782750.0,1453250.0,1,Kempegowda Ward,36,0.214073
3014,13.131806,77.612244,783213.62,1453179.25,783250.0,1453250.0,1,Kempegowda Ward,36,0.167962
3015,13.130675,77.617197,783752.3,1453059.59,783750.0,1453250.0,5,Jakkuru,36,0.059484
3016,13.130591,77.620583,784119.69,1453054.15,784250.0,1453250.0,5,Jakkuru,36,0.028442
3017,13.135379,77.568794,778496.0,1453526.29,778250.0,1453750.0,2,Chowdeswari Ward,35,0.000473
3018,13.137145,77.571493,778786.83,1453724.77,778750.0,1453750.0,2,Chowdeswari Ward,35,0.206678
3019,13.13733,77.575765,779250.0,1453750.0,779250.0,1453750.0,2,Chowdeswari Ward,35,0.25
3020,13.137278,77.580367,779749.3,1453749.34,779750.0,1453750.0,2,Chowdeswari Ward,35,0.249279
3021,13.136382,77.582936,780028.96,1453653.03,780250.0,1453750.0,2,Chowdeswari Ward,35,0.014453
3022,13.135006,77.590023,780799.4,1453508.61,780750.0,1453750.0,1,Kempegowda Ward,35,0.005635
3023,13.140946,77.572668,778909.93,1454146.81,778750.0,1454250.0,2,Chowdeswari Ward,35,0.058401
3024,13.141526,77.575881,779257.8,1454214.51,779250.0,1454250.0,2,Chowdeswari Ward,35,0.213831
3025,13.141311,77.579881,779692.02,1454195.2,779750.0,1454250.0,2,Chowdeswari Ward,35,0.163973
